Id,volatile acidity,citric acid,residual sugar,chlorides,free sulfur dioxide,total sulfur dioxide,density,pH,sulphates,alcohol,quality,fixed acidity
0,0.7,0,1.9,0.076,11,34,0.9978,3.51,0.56,9.4,5,7.4
1,0.88,0,2.6,0.098,25,67,0.9968,3.2,0.68,9.8,5,7.8
2,0.76,0.04,2.3,0.092,15,54,0.997,3.26,0.65,9.8,5,7.8
3,0.28,0.56,1.9,0.075,17,60,0.998,3.16,0.58,9.8,6,11.2
4,0.7,0,1.9,0.076,11,34,0.9978,3.51,0.56,9.4,5,7.4
5,0.66,0,1.8,0.075,13,40,0.9978,3.51,0.56,9.4,5,7.4
6,0.6,0.06,1.6,0.069,15,59,0.9964,3.3,0.46,9.4,5,7.9
7,0.65,0,1.2,0.065,15,21,0.9946,3.39,0.47,10,7,7.3
8,0.58,0.02,2,0.073,9,18,0.9968,3.36,0.57,9.5,7,7.8
10,0.58,0.08,1.8,0.097,15,65,0.9959,3.28,0.54,9.2,5,6.7
12,0.615,0,1.6,0.089,16,59,0.9943,3.58,0.52,9.9,5,5.6
13,0.61,0.29,1.6,0.114,9,29,0.9974,3.26,1.56,9.1,5,7.8
16,0.28,0.56,1.8,0.092,35,103,0.9969,3.3,0.75,10.5,7,8.5
19,0.32,0.51,1.8,0.341,17,56,0.9969,3.04,1.08,9.2,6,7.9
21,0.39,0.31,2.3,0.082,23,71,0.9982,3.52,0.65,9.7,5,7.6
22,0.43,0.21,1.6,0.106,10,37,0.9966,3.17,0.91,9.5,5,7.9
23,0.49,0.11,2.3,0.084,9,67,0.9968,3.17,0.53,9.4,5,8.5
24,0.4,0.14,2.4,0.085,21,40,0.9968,3.43,0.63,9.7,6,6.9
25,0.39,0.16,1.4,0.08,11,23,0.9955,3.34,0.56,9.3,5,6.3
26,0.41,0.24,1.8,0.08,4,11,0.9962,3.28,0.59,9.5,5,7.6
28,0.71,0,1.9,0.08,14,35,0.9972,3.47,0.55,9.4,5,7.1
29,0.645,0,2,0.082,8,16,0.9964,3.38,0.59,9.8,6,7.8
30,0.675,0.07,2.4,0.089,17,82,0.9958,3.35,0.54,10.1,5,6.7
32,0.655,0.12,2.3,0.083,15,113,0.9966,3.17,0.66,9.8,5,8.3
34,0.32,0.25,1.8,0.103,13,50,0.9957,3.38,0.55,9.2,5,5.2
35,0.645,0,5.5,0.086,5,18,0.9986,3.4,0.55,9.6,6,7.8
36,0.6,0.14,2.4,0.086,3,15,0.9975,3.42,0.6,10.8,6,7.8
37,0.38,0.28,2.1,0.066,13,30,0.9968,3.23,0.73,9.7,7,8.1
40,0.45,0.36,5.9,0.074,12,87,0.9978,3.33,0.83,10.5,5,7.3
41,0.61,0.3,2.8,0.088,17,46,0.9976,3.26,0.51,9.3,4,8.8
42,0.49,0.2,2.6,0.332,8,14,0.9968,3.21,0.9,10.5,6,7.5
43,0.66,0.22,2.2,0.069,9,23,0.9968,3.3,1.2,10.3,5,8.1
45,0.52,0.15,2.1,0.054,8,65,0.9934,3.9,0.56,13.1,4,4.6
46,0.935,0.43,2.2,0.114,22,114,0.997,3.25,0.73,9.2,5,7.7
50,0.66,0.26,1.7,0.074,4,23,0.9971,3.15,0.74,9.2,5,8.8
51,0.52,0.04,2.2,0.069,8,15,0.9956,3.4,0.63,9.4,6,6.6
52,0.5,0.04,2.1,0.068,6,14,0.9955,3.39,0.64,9.4,6,6.6
53,0.38,0.36,3,0.081,30,119,0.997,3.2,0.56,9.4,5,8.6
54,0.51,0.15,2.8,0.11,33,73,0.9955,3.17,0.63,10.2,6,7.6
56,0.42,0.57,3.4,0.07,4,10,0.9971,3.04,0.63,9.6,5,10.2
58,0.59,0.18,2.3,0.076,17,54,0.9975,3.43,0.59,10,5,7.8
59,0.39,0.31,2.4,0.074,9,46,0.9962,3.41,0.54,9.4,6,7.3
60,0.4,0.4,2.2,0.079,19,52,0.998,3.44,0.64,9.2,5,8.8
61,0.69,0.49,1.8,0.115,20,112,0.9968,3.21,0.71,9.3,5,7.7
63,0.735,0.05,2,0.081,13,54,0.9966,3.39,0.57,9.8,5,7
64,0.725,0.05,4.65,0.086,4,11,0.9962,3.41,0.39,10.9,5,7.2
65,0.725,0.05,4.65,0.086,4,11,0.9962,3.41,0.39,10.9,5,7.2
67,0.705,0.07,1.6,0.076,6,15,0.9962,3.44,0.58,10.7,5,6.6
69,0.705,0.05,1.9,0.074,8,19,0.9962,3.34,0.95,10.5,6,8
72,0.69,0.22,1.9,0.084,18,94,0.9961,3.31,0.48,9.5,5,7.7
73,0.675,0.26,2.1,0.084,11,43,0.9976,3.31,0.53,9.2,4,8.3
76,0.41,0.64,2.2,0.093,9,42,0.9986,3.54,0.66,10.5,5,8.8
77,0.785,0,2.4,0.104,14,30,0.9966,3.52,0.55,10.7,6,6.8
78,0.75,0.12,2,0.086,12,80,0.9958,3.38,0.52,10.1,5,6.7
79,0.625,0.2,1.5,0.08,27,119,0.9972,3.16,1.12,9.1,4,8.3
80,0.45,0.2,1.6,0.069,3,15,0.9958,3.41,0.56,9.2,5,6.2
82,0.5,0.47,2,0.086,21,73,0.997,3.36,0.57,9.1,5,7.4
84,0.3,0.48,1.8,0.069,18,61,0.9959,3.44,0.78,10.3,6,6.3
85,0.55,0.15,2.2,0.076,19,40,0.9961,3.41,0.59,10.1,5,6.9
86,0.49,0.28,1.9,0.11,20,136,0.9972,2.93,1.95,9.9,6,8.6
87,0.49,0.26,1.9,0.062,9,31,0.9966,3.39,0.64,9.6,5,7.7
88,0.39,0.44,2.1,0.107,34,125,0.9978,3.14,1.22,9.5,5,9.3
89,0.62,0.08,1.8,0.076,8,24,0.9978,3.48,0.53,9,5,7
90,0.52,0.26,1.9,0.079,42,140,0.9964,3.23,0.54,9.5,5,7.9
91,0.49,0.28,1.9,0.11,20,136,0.9972,2.93,1.95,9.9,6,8.6
93,0.49,0.26,1.9,0.062,9,31,0.9966,3.39,0.64,9.6,5,7.7
94,1.02,0.04,1.4,0.045,41,85,0.9938,3.75,0.48,10.5,4,5
96,0.775,0,3,0.102,8,23,0.9965,3.45,0.56,10.7,5,6.8
98,0.9,0.06,2.5,0.079,5,10,0.9967,3.39,0.56,9.8,5,7.6
99,0.545,0.18,1.9,0.08,13,35,0.9972,3.3,0.59,9,6,8.1
100,0.61,0.3,2.1,0.084,11,50,0.9972,3.4,0.61,10.2,6,8.3
102,0.545,0.18,1.9,0.08,13,35,0.9972,3.3,0.59,9,6,8.1
103,0.575,0.22,2.1,0.077,12,65,0.9967,3.29,0.51,9.2,5,8.1
104,0.49,0.24,2.2,0.07,5,36,0.996,3.33,0.48,9.4,5,7.2
105,0.575,0.22,2.1,0.077,12,65,0.9967,3.29,0.51,9.2,5,8.1
106,0.41,0.68,1.7,0.467,18,69,0.9973,3.08,1.31,9.3,5,7.8
107,0.63,0.31,1.7,0.088,15,64,0.9969,3.46,0.79,9.3,5,6.2
110,0.56,0.19,1.8,0.104,12,47,0.9964,3.19,0.93,9.5,5,7.8
111,0.62,0.09,2.2,0.084,11,108,0.9964,3.15,0.66,9.8,5,8.4
113,0.31,0.44,2.3,0.08,22,46,0.9988,3.32,0.67,9.7,6,10.1
114,0.56,0.19,1.8,0.104,12,47,0.9964,3.19,0.93,9.5,5,7.8
115,0.4,0.31,2.2,0.09,13,62,0.9966,3.07,0.63,10.5,6,9.4
116,0.54,0.28,1.9,0.077,11,40,0.9978,3.39,0.61,10,6,8.3
120,1.07,0.09,1.7,0.178,10,89,0.9962,3.3,0.57,9,5,7.3
121,0.55,0.04,2.2,0.119,14,56,0.9962,3.21,0.6,10.9,6,8.8
122,0.695,0,2.5,0.075,3,13,0.998,3.49,0.52,9.2,5,7.3
124,0.5,0.17,1.6,0.082,21,102,0.996,3.39,0.48,9.5,5,7.8
126,1.33,0,1.7,0.081,3,12,0.9964,3.53,0.49,10.9,5,8.2
127,1.33,0,1.8,0.082,3,12,0.9964,3.54,0.48,10.9,5,8.1
128,0.59,0.16,1.8,0.065,3,16,0.9962,3.42,0.92,10.5,7,8
130,0.745,0.56,2,0.118,30,134,0.9968,3.24,0.66,9.4,5,8
131,0.5,0.09,2.3,0.049,17,99,0.9937,3.63,0.63,13,5,5.6
134,1.04,0.05,2.2,0.084,13,29,0.9959,3.22,0.55,9.9,6,7.9
135,0.745,0.11,1.9,0.09,16,63,0.9965,3.19,0.82,9.6,5,8.4
137,0.415,0.36,2,0.081,13,45,0.9972,3.48,0.64,9.2,5,7.2
140,0.745,0.11,1.9,0.09,16,63,0.9965,3.19,0.82,9.6,5,8.4
142,0.34,0,1.8,0.05,27,63,0.9916,3.68,0.79,14,6,5.2
143,0.39,0.08,1.7,0.066,3,20,0.9954,3.34,0.58,9.4,5,6.3
144,0.34,0,1.8,0.05,27,63,0.9916,3.68,0.79,14,6,5.2
145,0.67,0.55,1.8,0.117,32,141,0.9968,3.17,0.62,9.4,5,8.1
146,0.68,0.02,1.8,0.087,21,94,0.9944,3.54,0.52,10,5,5.8
148,0.49,0.1,2.3,0.074,12,30,0.9959,3.42,0.58,10.2,6,6.9
150,0.33,0.47,2.1,0.077,5,11,0.9958,3.33,0.53,10.3,6,7.3
151,0.52,1,3.4,0.61,32,69,0.9996,2.74,2,9.4,4,9.2
152,0.6,0.03,1.8,0.095,25,99,0.995,3.35,0.54,10.1,5,7.5
153,0.6,0.03,1.8,0.095,25,99,0.995,3.35,0.54,10.1,5,7.5
155,0.43,0.42,5.5,0.071,28,128,0.9973,3.42,0.71,10.5,5,7.1
156,0.43,0.42,5.5,0.07,29,129,0.9973,3.42,0.72,10.5,5,7.1
157,0.43,0.42,5.5,0.071,28,128,0.9973,3.42,0.71,10.5,5,7.1
158,0.68,0,2.2,0.073,12,22,0.9969,3.48,0.5,9.3,5,7.1
159,0.6,0.18,1.9,0.079,18,86,0.9968,3.59,0.57,9.3,6,6.8
160,0.95,0.03,2,0.09,7,20,0.9959,3.2,0.56,9.6,5,7.6
161,0.68,0.02,1.3,0.072,9,20,0.9965,3.17,1.08,9.2,4,7.6
162,0.53,0.04,1.7,0.076,17,31,0.9964,3.33,0.56,10,6,7.8
163,0.6,0.26,7.3,0.07,36,121,0.9982,3.37,0.49,9.4,5,7.4
164,0.59,0.26,7.2,0.07,35,121,0.9981,3.37,0.49,9.4,5,7.3
165,0.63,0.48,1.7,0.1,14,96,0.9961,3.19,0.62,9.5,5,7.8
166,0.64,0.1,2.1,0.085,18,101,0.9956,3.34,0.52,10.2,5,6.8
167,0.55,0.03,1.6,0.072,17,42,0.9956,3.37,0.48,9,4,7.3
168,0.63,0.07,2.1,0.089,11,44,0.9953,3.47,0.55,10.4,6,6.8
170,0.885,0.03,1.8,0.058,4,8,0.9972,3.36,0.33,9.1,4,7.9
172,0.42,0.17,2,0.073,6,18,0.9972,3.29,0.61,9.2,6,8
173,0.62,0.05,1.9,0.068,24,42,0.9961,3.42,0.57,11.5,6,7.4
175,0.5,0.04,1.5,0.085,19,49,0.9958,3.35,0.78,9.5,5,6.9
176,0.38,0.21,2,0.08,7,35,0.9961,3.33,0.47,9.5,5,7.3
177,0.52,0.42,2.3,0.087,8,38,0.9972,3.58,0.61,10.5,6,7.5
178,0.805,0,2.5,0.068,7,20,0.9969,3.48,0.56,9.6,5,7
179,0.61,0.14,2.4,0.067,10,42,0.9969,3.19,0.59,9.5,5,8.8
180,0.61,0.14,2.4,0.067,10,42,0.9969,3.19,0.59,9.5,5,8.8
181,0.61,0.49,2,0.27,23,110,0.9972,3.12,1.02,9.3,5,8.9
182,0.73,0.02,2.5,0.076,16,42,0.9972,3.44,0.52,9.3,5,7.2
183,0.61,0.2,1.8,0.077,11,65,0.9971,3.54,0.58,9.3,5,6.8
184,0.62,0.21,1.9,0.079,8,62,0.997,3.52,0.58,9.3,6,6.7
185,0.31,0.57,2,0.111,26,85,0.9971,3.26,0.53,9.7,5,8.9
186,0.39,0.48,2,0.082,14,67,0.9972,3.34,0.55,9.2,5,7.4
188,0.5,0.33,2,0.084,15,143,0.9968,3.2,0.55,9.5,5,7.9
190,0.5,0.35,2.9,0.077,21,127,0.9976,3.23,0.62,9.4,5,8.2
191,0.37,0.25,1.9,0.074,21,49,0.9974,3.57,0.62,9.8,6,6.4
193,0.55,0.21,2.2,0.071,7,28,0.9964,3.28,0.55,9.7,5,7.6
194,0.55,0.21,2.2,0.071,7,28,0.9964,3.28,0.55,9.7,5,7.6
196,0.58,0.3,2.4,0.074,15,55,0.9968,3.46,0.59,10.2,5,7.3
197,0.3,0.6,2,0.067,12,27,0.9981,3.11,0.97,10.1,6,11.5
199,1.09,0.06,2.1,0.061,12,31,0.9948,3.51,0.43,11.4,4,6.9
200,0.32,0.47,1.4,0.056,9,24,0.99695,3.22,0.82,10.3,7,9.6
204,0.43,0.36,1.6,0.089,14,37,0.99615,3.34,0.56,9.2,6,7
205,0.3,0.74,2.6,0.095,9,28,0.9994,3.2,0.77,10.8,7,12.8
206,0.3,0.74,2.6,0.095,9,28,0.9994,3.2,0.77,10.8,7,12.8
208,0.44,0.28,2.7,0.1,18,95,0.9966,3.22,0.67,9.4,5,7.8
210,0.53,0.6,2,0.039,5,19,0.99585,3.3,0.86,12.4,6,9.7
211,0.725,0.24,2.8,0.083,10,62,0.99685,3.35,0.56,10,6,8
213,0.57,0.26,2.2,0.06,28,65,0.9959,3.3,0.43,10.1,5,8.2
214,0.735,0.08,2.4,0.092,10,41,0.9974,3.24,0.71,9.8,6,7.8
215,0.49,0.49,5.6,0.06,26,121,0.9974,3.34,0.76,10.5,5,7
216,0.625,0.16,2,0.101,13,49,0.9962,3.14,0.57,11,5,8.7
217,0.725,0.22,2.2,0.072,11,41,0.9967,3.36,0.55,9.1,5,8.1
218,0.49,0.19,1.9,0.076,10,44,0.9957,3.39,0.54,9.7,5,7.5
220,0.34,0.37,2,0.082,24,58,0.9964,3.34,0.59,9.4,6,7.8
221,0.53,0.26,2,0.101,16,72,0.9957,3.15,0.57,9.4,5,7.4
222,0.61,0.04,1.5,0.057,5,10,0.99525,3.42,0.6,9.5,5,6.8
223,0.645,0.25,2,0.083,8,28,0.99815,3.28,0.6,10,6,8.6
225,0.43,0.25,2.6,0.073,29,63,0.99615,3.37,0.58,10.5,6,7.7
226,0.59,0.5,2,0.337,27,81,0.9964,3.04,1.61,9.5,6,8.9
230,0.48,0.04,1.6,0.054,19,106,0.9927,3.54,0.62,12.2,7,5.2
231,0.38,0.06,1.8,0.078,12,49,0.99625,3.37,0.52,9.9,6,8
232,0.37,0.2,2.8,0.09,18,58,0.998,3.34,0.7,9.6,6,8.5
234,1,0.09,2.3,0.065,7,37,0.99685,3.32,0.55,9,6,8.2
235,0.63,0,1.9,0.097,14,38,0.99675,3.37,0.58,9,6,7.2
240,0.635,0.37,1.7,0.263,5,62,0.9971,3,1.09,9.3,5,8.9
241,0.38,0.56,2.1,0.093,6,24,0.99925,3.14,0.71,10.9,6,12
242,0.58,0.1,1.8,0.102,28,109,0.99565,3.08,0.49,9.8,6,7.7
243,0.21,0.44,2.2,0.075,10,24,1.00005,3.07,0.84,9.2,7,15
244,0.21,0.44,2.2,0.075,10,24,1.00005,3.07,0.84,9.2,7,15
245,0.66,0,2,0.084,6,23,0.9983,3.61,0.96,9.9,6,7.3
246,0.68,0.07,1.9,0.075,16,51,0.99685,3.38,0.52,9.5,5,7.1
249,0.66,0,2,0.084,6,23,0.9983,3.61,0.96,9.9,6,7.3
250,0.32,0.44,1.6,0.063,16,37,0.9985,3.22,0.78,10,6,10.8
251,0.6,0,1.8,0.074,16,34,0.9972,3.47,0.7,9.9,6,7.1
252,0.35,0.48,3.1,0.09,5,21,0.9986,3.17,0.53,10.5,5,11.1
253,0.775,0.42,1.9,0.092,8,86,0.9959,3.23,0.59,9.5,5,7.7
255,0.57,0.23,3.2,0.073,17,119,0.99675,3.26,0.57,9.3,5,8
256,0.34,0.37,2.2,0.075,5,13,0.998,3.22,0.62,9.2,5,9.4
257,0.695,0,2.1,0.075,12,56,0.9968,3.49,0.67,9.2,5,6.6
258,0.41,0.76,1.8,0.611,8,45,0.9968,3.06,1.26,9.4,5,7.7
259,0.31,0.47,2.6,0.085,14,33,0.99965,3.36,0.8,10.5,7,10
260,0.33,0.23,1.7,0.077,18,45,0.99625,3.29,0.65,9.3,5,7.9
261,0.975,0.04,2,0.087,12,67,0.99565,3.35,0.6,9.4,4,7
262,0.52,0.03,1.7,0.07,10,35,0.99575,3.34,0.57,10,5,8
263,0.37,0.23,1.8,0.077,23,49,0.9963,3.28,0.67,9.3,5,7.9
264,0.56,0.49,2.4,0.064,5,27,0.9999,3.08,0.87,10.9,5,12.5
266,0.87,0,3.3,0.096,26,61,1.00025,3.6,0.72,9.8,4,8.1
267,0.35,0.46,3.6,0.078,15,37,0.9973,3.35,0.86,12.8,8,7.9
268,0.54,0.04,3,0.077,7,27,0.9987,3.69,0.91,9.4,6,6.9
269,0.18,0.51,4,0.104,4,23,0.9996,3.28,0.97,10.1,6,11.5
270,0.545,0.06,4,0.087,27,61,0.9965,3.36,0.67,10.7,6,7.9
275,0.545,0.06,4,0.087,27,61,0.9965,3.36,0.67,10.7,6,7.9
276,0.54,0.04,3,0.077,7,27,0.9987,3.69,0.91,9.4,6,6.9
277,0.18,0.51,4,0.104,4,23,0.9996,3.28,0.97,10.1,6,11.5
278,0.32,0.45,6.4,0.073,5,13,0.9976,3.23,0.82,12.6,8,10.3
279,0.4,0.32,5.6,0.087,10,47,0.9991,3.38,0.77,10.5,7,8.9
280,0.26,0.44,3.6,0.071,6,19,0.9986,3.12,0.82,9.3,6,11.4
281,0.27,0.68,3.5,0.358,5,10,0.9972,3.25,1.08,9.9,7,7.7
283,0.4,0.32,5.6,0.087,10,47,0.9991,3.38,0.77,10.5,7,8.9
284,0.59,0.07,3.4,0.102,32,71,1.00015,3.31,0.71,9.8,5,9.9
285,0.59,0.07,3.4,0.102,32,71,1.00015,3.31,0.71,9.8,5,9.9
286,0.45,0.55,2,0.073,25,49,0.9997,3.1,0.76,10.3,6,12
287,0.4,0.12,3,0.092,29,53,0.9967,3.37,0.7,10.3,6,7.5
288,0.52,0.09,2.5,0.091,20,49,0.9976,3.34,0.86,10.6,7,8.7
289,0.42,0.53,3.3,0.105,33,98,1.001,3.2,0.95,9.2,5,11.6
290,0.52,0.09,2.5,0.091,20,49,0.9976,3.34,0.86,10.6,7,8.7
292,0.55,0.23,2.7,0.091,18,48,0.9994,3.22,0.64,10.3,6,10.4
293,0.36,0.25,2.4,0.098,5,16,0.9964,3.41,0.6,10.1,6,6.9
294,0.34,0.52,3.2,0.094,17,53,1.0014,3.05,0.81,9.5,6,13.3
295,0.5,0.46,2.5,0.073,5,27,1.0001,3.05,0.64,9.5,5,10.8
296,0.83,0.37,2.6,0.086,26,70,0.9981,3.16,0.52,9.9,5,10.6
297,0.63,0.06,2,0.083,8,29,0.99855,3.67,0.73,9.6,5,7.1
298,0.65,0.02,2.3,0.094,5,31,0.9993,3.67,0.8,9.7,5,7.2
300,0.53,0.06,2.6,0.086,20,44,0.9965,3.38,0.59,10.7,6,7.5
301,0.18,0.48,1.5,0.068,7,15,0.9973,3.22,0.64,10.1,6,11.1
302,0.705,0.12,2.6,0.092,12,28,0.9994,3.51,0.72,10,5,8.3
304,0.65,0.6,2.1,0.112,12,90,0.9973,3.2,0.52,9.2,5,8.4
306,0.62,0.32,2.2,0.082,7,54,0.9966,3.36,0.52,9.4,5,7.6
307,0.41,0.42,2.4,0.213,6,14,0.9994,3.19,0.62,9.5,6,10.3
308,0.43,0.44,2.4,0.214,5,12,0.9994,3.19,0.63,9.5,6,10.3
311,0.53,0.24,2,0.072,15,105,0.996,3.27,0.54,9.4,6,7.9
312,0.46,0.31,2.8,0.093,19,98,0.99815,3.32,0.63,9.5,6,9
313,0.47,0.3,3,0.076,30,135,0.9976,3.3,0.53,9.4,5,8.6
314,0.36,0.29,2.6,0.087,26,72,0.99645,3.39,0.68,11,5,7.4
318,0.66,0.39,3.2,0.083,21,59,0.9989,3.37,0.71,11.5,7,9.8
319,0.77,0.12,2.9,0.082,30,74,0.99865,3.3,0.64,10.4,6,9.6
321,0.61,0.26,3.4,0.09,25,87,0.99975,3.24,0.62,9.7,5,9.3
324,0.49,0.2,11,0.071,13,50,1.0015,3.16,0.69,9.2,6,10
325,0.49,0.2,11,0.071,13,50,1.0015,3.16,0.69,9.2,6,10
326,0.53,0.66,3.65,0.121,6,14,0.9978,3.05,0.74,11.5,7,11.6
327,0.44,0.5,4.5,0.107,5,13,0.998,3.28,0.83,11.5,5,10.3
328,0.27,0.62,2.6,0.082,6,21,1.0002,3.16,0.67,9.7,6,13.4
333,0.56,0.08,2.1,0.105,16,44,0.9958,3.13,0.52,11,5,8.4
334,0.65,0.01,2.5,0.078,17,38,0.9963,3.34,0.74,11.7,7,7.9
335,0.695,0.53,3.4,0.128,7,21,0.9992,3.17,0.84,12.2,7,11.9
336,0.43,0.45,1.9,0.052,6,16,0.9948,3.35,0.7,12.5,6,8.9
337,0.43,0.32,2.8,0.08,29,58,0.9974,3.31,0.64,10.3,5,7.8
339,0.28,0.54,2.3,0.082,12,29,0.9997,3.11,1.36,9.8,7,12.5
342,0.39,0.47,1.8,0.118,6,14,0.9982,3.3,0.75,9.8,6,10.9
343,0.39,0.47,1.8,0.118,6,14,0.9982,3.3,0.75,9.8,6,10.9
344,0.57,0.5,2.6,0.082,6,32,1.0006,3.12,0.78,10.7,6,11.9
347,0.49,0.67,3,0.093,6,15,0.9986,3.02,0.93,12,6,13.8
348,0.56,0.31,2.8,0.089,15,46,0.9979,3.11,0.92,10,6,9.6
351,0.795,0,2.6,0.096,11,26,0.9994,3.35,0.83,9.4,6,9.1
352,0.665,0,2.4,0.09,8,19,0.9974,3.27,0.73,9.3,5,7.7
353,0.53,0.79,4.8,0.12,23,77,1.0018,3.18,0.77,13,5,13.5
354,0.21,0.4,1.4,0.066,40.5,165,0.9912,3.25,0.59,11.9,6,6.1
355,0.75,0.01,2.4,0.078,17,32,0.9955,3.55,0.61,12.8,6,6.7
356,0.41,0.52,3,0.08,29,55,1.0001,3.26,0.88,11,5,11.5
357,0.42,0.66,2.95,0.116,12,29,0.997,3.24,0.75,11.7,7,10.5
358,0.43,0.66,3.1,0.109,10,23,1,3.15,0.85,10.4,7,11.9
359,0.38,0.66,2.6,0.088,10,41,1.001,3.17,0.68,9.8,6,12.6
360,0.7,0.23,2,0.099,14,81,0.9973,3.19,0.7,9.4,5,8.2
361,0.45,0.31,2.6,0.086,21,50,0.9982,3.37,0.91,9.9,6,8.6
362,0.58,0.66,2.5,0.072,6,37,0.9992,3.05,0.56,10,5,11.9
363,0.46,0.63,2,0.071,6,15,0.9988,2.99,0.87,10.2,5,12.5
364,0.615,0.66,5.8,0.083,7,42,1.0022,3.07,0.73,10,7,12.8
366,0.615,0.66,5.8,0.083,7,42,1.0022,3.07,0.73,10,7,12.8
367,0.575,0.61,2.6,0.076,11,24,1,3.16,0.69,9,5,10.4
369,0.27,0.53,2.4,0.074,6,18,0.9962,3.2,1.13,12,7,9.4
371,0.24,0.4,1.6,0.056,11,25,0.9967,3.32,0.87,8.7,6,7.9
372,0.28,0.48,1.8,0.067,26,46,0.9967,3.32,1.04,10.6,6,9.1
376,0.45,0.5,3,0.078,19,47,1.0003,3.26,1.11,11,6,11.5
377,0.27,0.53,2.4,0.074,6,18,0.9962,3.2,1.13,12,7,9.4
378,0.625,0.66,6.2,0.088,6,24,0.9988,3.11,0.99,13.3,6,11.4
380,0.26,0.42,2,0.08,11,27,0.9974,3.21,0.8,9.4,6,8.3
384,0.51,0.28,2.1,0.087,23,54,0.998,3.42,0.74,9.2,5,7.7
388,0.46,0.26,1.9,0.088,23,53,0.9981,3.43,0.74,9.2,6,7.8
390,0.85,0.05,1.4,0.045,12,88,0.9924,3.56,0.82,12.9,8,5.6
391,0.415,0.68,2.9,0.085,17,43,1.0014,3.06,0.8,10,6,13.7
392,0.37,0.52,2,0.082,6,26,0.998,3.18,0.51,9.5,5,9.5
395,0.37,0.76,4.2,0.066,7,38,1.0004,3.22,0.6,13,7,12
396,0.735,0.02,7.9,0.122,68,124,0.9994,3.47,0.53,9.9,5,6.6
397,0.59,0.59,2.6,0.087,13,49,0.9988,3.18,0.65,11,6,11.5
399,0.765,0.22,2.3,0.064,9,42,0.9963,3.1,0.55,9.4,5,8.7
400,0.735,0.02,7.9,0.122,68,124,0.9994,3.47,0.53,9.9,5,6.6
402,0.48,0.54,2.6,0.085,19,64,1,3.1,0.61,10.5,6,12.2
403,0.6,0.49,2.7,0.085,10,41,0.9994,3.15,0.63,10.5,6,11.4
404,0.69,0.05,2.7,0.075,15,27,0.9974,3.26,0.61,9.1,5,7.7
406,0.44,0.47,2.5,0.063,9,28,0.9981,3.24,0.65,10.8,6,9.8
407,0.39,0.66,3,0.093,12,30,0.9996,3.18,0.63,10.8,7,12
409,0.46,0.49,4.5,0.07,26,49,0.9981,3.05,0.57,9.6,4,12.5
410,0.43,0.34,2.5,0.08,26,86,0.9987,3.38,0.62,9.5,6,9
412,0.735,0.16,1.9,0.1,15,77,0.9966,3.27,0.64,9.3,5,7.1
413,0.4,0.53,6.7,0.097,6,19,0.9986,3.27,0.82,11.7,7,9.9
414,0.52,0.34,2.7,0.087,24,122,0.9982,3.26,0.61,9.5,5,8.8
415,0.725,0.24,6.6,0.117,31,134,1.0014,3.32,1.07,9.3,5,8.6
416,0.48,0.64,2.2,0.111,6,20,0.997,3.26,0.66,11.7,6,10.6
417,0.58,0.12,1.9,0.091,34,124,0.9956,3.44,0.48,10.5,5,7
418,0.38,0.51,2,0.121,7,20,0.9996,3.24,0.76,10.4,6,11.9
419,0.77,0,1.8,0.066,34,52,0.9976,3.62,0.68,9.9,5,6.8
421,0.84,0.03,2.3,0.059,32,48,0.9952,3.52,0.56,12.3,7,6.6
422,0.96,0.2,2,0.047,15,60,0.9955,3.36,0.44,10.9,5,7.7
423,0.24,0.47,2.1,0.066,6,24,0.9978,3.15,0.9,11,7,10.5
425,0.84,0.03,2.3,0.059,32,48,0.9952,3.52,0.56,12.3,7,6.6
426,0.67,0.08,2.1,0.045,19,48,0.9949,3.49,0.49,11.4,6,6.4
427,0.78,0.22,1.9,0.077,6,32,0.9988,3.26,0.56,10.6,6,9.5
428,0.52,0.33,1.3,0.07,9,30,0.9978,3.24,0.6,9.3,5,9.1
429,0.84,0.63,2.4,0.088,13,35,0.9997,3.1,0.6,10.4,6,12.8
430,0.24,0.47,2.1,0.066,6,24,0.9978,3.15,0.9,11,7,10.5
431,0.55,0.35,2.2,0.074,21,66,0.9974,3.25,0.56,9.2,5,7.8
433,0.39,0.63,2.3,0.091,6,18,1.0004,3.16,0.49,9.5,5,12.3
434,0.41,0.55,3.2,0.076,22,54,0.9996,3.15,0.89,9.9,6,10.4
435,0.39,0.63,2.3,0.091,6,18,1.0004,3.16,0.49,9.5,5,12.3
436,0.67,0.3,2,0.06,38,62,0.9958,3.26,0.56,10.2,6,8
437,0.45,0.73,3.2,0.066,6,22,0.9986,3.17,0.66,11.2,6,11.1
439,0.62,0.18,1.5,0.062,7,50,0.9951,3.08,0.6,9.3,5,7
440,0.31,0.72,2.2,0.072,6,29,0.9987,2.88,0.82,9.8,8,12.6
442,0.685,0.76,3.7,0.1,6,43,1.0032,2.95,0.68,11.2,7,15.6
444,0.57,0.01,1.7,0.054,5,27,0.9934,3.57,0.84,12.5,7,5.3
446,0.38,0.6,2.6,0.081,31,72,0.9996,3.1,0.73,10.5,5,12.5
447,0.48,0.29,2.1,0.127,6,16,0.9968,3.22,0.72,11.2,5,9.3
448,0.53,0.22,2,0.1,7,27,0.9967,3.2,0.56,10.2,6,8.6
449,0.39,0.69,2.8,0.095,17,35,0.9994,3.1,0.61,10.8,6,11.9
450,0.39,0.69,2.8,0.095,17,35,0.9994,3.1,0.61,10.8,6,11.9
452,0.56,0.03,1.7,0.084,18,35,0.9968,3.44,0.63,10,6,6.8
453,0.33,0.63,2.8,0.084,5,22,0.9998,3.26,0.74,11.2,7,10.4
454,0.23,0.4,1.6,0.063,21,67,0.9952,3.5,0.63,11.1,5,7
455,0.62,0.67,5.2,0.086,6,19,0.9988,3.22,0.69,13.4,8,11.3
456,0.59,0.39,2.3,0.095,5,22,0.9986,3.37,0.58,10.3,5,8.9
457,0.63,0.21,2.7,0.097,29,65,0.9988,3.28,0.58,9.6,5,9.2
459,0.58,0.66,2.2,0.074,10,47,1.0008,3.25,0.57,9,3,11.6
460,0.43,0.52,2.3,0.083,14,23,0.9976,3.35,0.61,11.3,6,9.2
461,0.615,0.22,2.6,0.087,6,19,0.9982,3.26,0.61,9.3,5,8.3
464,0.315,0.54,2.1,0.084,5,15,0.9987,2.98,0.7,9.2,6,11.5
466,0.5,0.42,2,0.069,21,51,0.9982,3.16,0.72,11.5,6,10.3
467,0.46,0.45,2.6,0.065,7,18,0.9947,3.32,0.79,14,6,8.8
468,0.36,0.69,2.1,0.09,6,21,1,3.17,0.62,9.2,6,11.4
469,0.82,0.02,1.2,0.07,36,48,0.9952,3.2,0.58,9.8,5,8.7
470,0.32,0.65,2.6,0.093,15,47,0.9996,3.05,0.61,10.6,5,13
471,0.54,0.42,2.4,0.081,25,52,0.997,3.2,0.71,11.4,6,9.6
472,0.37,0.55,2.6,0.083,25,68,0.9995,3.15,0.82,10.4,6,12.5
475,0.68,0.24,2.2,0.087,5,28,0.9988,3.14,0.6,10.2,5,9.6
476,0.27,0.41,2,0.091,6,16,0.998,3.28,0.7,9.7,5,9.3
477,0.24,0.49,1.8,0.075,6,20,0.9977,3.18,1.06,11,6,10.4
479,0.685,0.11,2.7,0.077,6,31,0.9984,3.19,0.7,10.1,6,9.4
480,0.28,0.39,15.5,0.069,6,23,1.0026,3.12,0.66,9.2,5,10.6
481,0.3,0.56,2.8,0.08,6,17,0.9964,3.15,0.92,11.7,8,9.4
483,0.36,0.6,2.2,0.152,7,18,0.9986,3.04,1.06,9.4,5,10.6
485,0.67,0.39,1.9,0.054,6,17,0.9976,3.17,0.47,10,5,10.2
487,0.645,0.36,1.8,0.053,5,14,0.9982,3.17,0.42,10,6,10.2
489,0.39,0.4,2.6,0.073,10,26,0.9984,3.34,0.75,10.2,6,9.3
491,0.41,0.5,2.5,0.055,12,25,0.9952,3.34,0.79,13.3,7,9.2
492,0.4,0.51,2.6,0.052,13,27,0.995,3.32,0.9,13.4,7,8.9
493,0.69,0.31,3,0.086,23,81,1.0002,3.48,0.74,11.6,6,8.7
494,0.39,0.23,8.3,0.051,28,91,0.9952,3.44,0.55,12.1,6,6.5
495,0.35,0.53,2.6,0.07,5,16,0.9972,3.15,0.65,11,8,10.7
496,0.52,0.25,1.9,0.081,14,38,0.9984,3.43,0.65,9,6,7.8
497,0.34,0.32,2.5,0.09,43,113,0.9966,3.32,0.79,11.1,5,7.2
498,0.35,0.53,2.6,0.07,5,16,0.9972,3.15,0.65,11,8,10.7
499,0.69,0.31,3,0.086,23,81,1.0002,3.48,0.74,11.6,6,8.7
500,0.52,0.25,1.9,0.081,14,38,0.9984,3.43,0.65,9,6,7.8
501,0.44,0.73,6.55,0.074,38,76,0.999,3.17,0.85,12,7,10.4
502,0.44,0.73,6.55,0.074,38,76,0.999,3.17,0.85,12,7,10.4
504,0.24,0.42,1.8,0.077,6,22,0.9976,3.21,1.05,10.8,7,10.5
505,0.49,0.63,2.9,0.072,10,26,0.9968,3.16,0.78,12.5,7,10.2
506,0.24,0.46,1.8,0.075,6,21,0.9976,3.25,1.02,10.8,7,10.4
507,0.67,0.55,2.3,0.084,6,13,1,3.17,0.71,9.5,6,11.2
509,0.29,0.75,2.8,0.084,23,43,0.9986,3.04,0.68,11.4,7,13.3
511,0.59,0.31,2.2,0.09,26,62,0.9994,3.18,0.63,10.2,6,10
512,0.4,0.48,2.1,0.125,15,49,0.998,3.03,0.81,9.7,6,10.7
513,0.51,0.64,2.4,0.107,6,15,0.9973,3.09,0.66,11.8,7,10.5
514,0.51,0.64,2.4,0.107,6,15,0.9973,3.09,0.66,11.8,7,10.5
515,0.655,0.49,6.1,0.122,34,151,1.001,3.31,1.14,9.3,5,8.5
516,0.6,0.49,4.3,0.1,5,14,1.001,3.25,0.74,11.9,6,12.5
517,0.61,0.49,2.1,0.2,5,16,0.9994,3.16,0.63,8.4,3,10.4
520,0.25,0.49,2.7,0.088,15,33,0.9982,3.42,0.9,10,6,9.8
523,0.4,0.49,2.5,0.085,38,142,0.9978,3.22,0.55,9.4,5,9.3
524,0.43,0.49,2.4,0.086,23,116,0.9976,3.23,0.64,9.5,5,9.2
527,0.38,0.49,2.5,0.097,33,85,0.9962,3.39,0.77,11.4,6,7
529,0.63,0.24,2.4,0.077,6,33,0.9974,3.09,0.57,9.4,5,9.9
530,0.22,0.24,2.1,0.078,1,28,0.999,3.41,0.87,10.3,6,9.1
531,0.38,0.49,2.7,0.098,12,42,1.0004,3.16,0.61,10.3,5,11.9
532,0.38,0.49,2.7,0.098,12,42,1.0004,3.16,0.61,10.3,5,11.9
533,0.27,0.24,2.1,0.072,15,33,0.9956,3.22,0.66,12.8,6,10.3
534,0.48,0.24,2.7,0.102,13,32,1,3.28,0.56,10,6,10
535,0.22,0.24,2.1,0.078,1,28,0.999,3.41,0.87,10.3,6,9.1
536,0.63,0.24,2.4,0.077,6,33,0.9974,3.09,0.57,9.4,5,9.9
537,0.825,0.24,2.1,0.084,5,13,0.9972,3.37,0.77,10.7,6,8.1
538,0.35,0.49,5.8,0.066,5,35,1.0014,3.2,0.66,12,7,12.9
539,0.5,0.74,5.15,0.1,5,17,0.9996,3.22,0.62,11.2,5,11.2
540,0.59,0.24,3.3,0.101,20,47,0.9988,3.26,0.67,9.6,5,9.2
541,0.46,0.49,6.3,0.064,5,17,0.9988,3.21,0.73,11,6,9.5
542,0.715,0.24,2.1,0.07,5,20,0.9966,3.12,0.59,9.9,5,9.3
543,0.66,0.24,2.5,0.085,16,53,0.9993,3.06,0.72,11,6,11.2
544,0.31,0.74,1.8,0.075,6,15,1.0008,2.86,0.79,8.4,6,14.3
545,0.47,0.49,2.6,0.094,38,106,0.9982,3.08,0.59,9.1,5,9.1
546,0.55,0.24,2,0.078,10,28,0.9983,3.45,0.78,9.5,6,7.5
547,0.31,0.49,2.5,0.067,6,21,0.9987,3.26,0.86,10.7,6,10.6
548,0.35,0.49,2.6,0.079,27,69,0.9994,3.12,0.75,10.4,6,12.4
550,0.51,0.01,2.1,0.074,9,25,0.9958,3.33,0.56,9.5,6,6.8
551,0.43,0.24,2.8,0.092,14,45,0.998,3.19,0.73,10,6,9.4
552,0.46,0.24,2.7,0.092,14,44,0.998,3.12,0.74,10,6,9.5
553,1.04,0.24,1.6,0.05,32,96,0.9934,3.74,0.62,11.5,5,5
554,0.645,0.49,4.2,0.095,10,23,1.00315,2.92,0.74,11.1,5,15.5
556,0.53,0.49,4.6,0.118,10,17,1.0002,3.07,0.56,11.7,6,10.9
557,0.645,0.49,4.2,0.095,10,23,1.00315,2.92,0.74,11.1,5,15.6
559,0.47,0.49,4.3,0.085,6,47,1.0021,3.3,0.68,12.7,6,13
560,0.6,0.49,2.8,0.075,5,19,0.9994,3.14,0.57,11.4,5,12.7
562,0.54,0.49,2.9,0.094,41,110,0.9982,3.08,0.61,9.2,5,9
563,0.29,0.49,2.7,0.092,25,60,0.9971,3.31,0.61,10.1,6,7.6
564,0.47,0.49,4.3,0.085,6,47,1.0021,3.3,0.68,12.7,6,13
565,0.6,0.49,2.8,0.075,5,19,0.9994,3.14,0.57,11.4,5,12.7
567,0.7,0.24,2.5,0.226,5,15,0.9991,3.32,0.6,9,6,8.7
568,0.5,0.49,2.6,0.25,5,20,0.999,3.31,0.79,10.7,6,9.8
569,0.36,0.24,2.2,0.095,19,42,0.9946,3.57,0.57,11.7,6,6.2
570,0.35,0.49,3.3,0.07,10,37,1.0003,3.32,0.91,11,6,11.5
572,0.24,0.49,2.4,0.075,10,28,0.9978,3.14,0.61,10.4,5,10.2
576,0.5,0.24,2.3,0.103,6,14,0.9978,3.34,0.52,10,4,9.9
577,0.44,0.49,2.8,0.083,18,111,0.9982,3.3,0.6,9.5,5,8.8
578,0.47,0.49,2.9,0.085,17,110,0.9982,3.29,0.6,9.8,5,8.8
579,0.31,0.49,2.2,0.063,18,40,0.9976,3.14,0.51,9.8,6,10.6
580,0.5,0.49,2.2,0.089,5,14,1.0002,3.19,0.44,9.6,5,12.3
581,0.5,0.49,2.2,0.089,5,14,1.0002,3.19,0.44,9.6,5,12.3
583,0.28,0.49,1.9,0.074,10,21,0.9976,2.98,0.66,9.9,7,12
587,0.73,0.24,1.9,0.108,18,102,0.9967,3.26,0.59,9.3,5,7.3
588,0.42,0.24,2,0.06,19,50,0.9917,3.72,0.74,14,8,5
590,0.45,0.49,2.6,0.084,21,75,0.9987,3.35,0.57,9.7,5,9
591,0.39,0.49,1.7,0.07,23,149,0.9922,3.12,0.5,11.5,6,6.6
592,0.45,0.49,2.6,0.084,21,75,0.9987,3.35,0.57,9.7,5,9
593,0.49,0.58,3.5,0.094,9,43,1.0004,3.29,0.58,9,5,9.9
595,0.595,0.41,7.9,0.086,30,109,0.9998,3.27,0.57,9.3,5,8.9
596,0.4,0.51,2,0.059,6,24,0.9994,3.04,0.6,9.3,6,12.4
598,0.585,0.18,2.1,0.078,5,30,0.9967,3.2,0.48,9.8,6,8.5
602,0.835,0,2.6,0.081,6,14,0.9975,3.3,0.52,9.3,5,7.7
604,0.58,0.13,2.9,0.096,14,63,0.9984,3.17,0.62,9.1,6,8.3
607,0.48,0.41,3.3,0.092,26,52,0.9982,3.31,0.53,10.5,6,8.8
608,0.65,0.37,5.1,0.11,11,65,1.0026,3.32,0.64,10.4,6,10.1
609,0.36,0.19,3.2,0.075,15,39,0.9956,3.56,0.52,12.7,6,6.3
610,0.24,0.54,2.5,0.083,25,57,0.9983,3.39,0.54,9.2,5,8.8
611,0.38,0.55,2.7,0.081,5,16,1.0006,2.98,0.54,9.4,5,13.2
612,0.64,0,2.4,0.077,18,29,0.9965,3.32,0.6,10,6,7.5
616,0.6,0.5,2.3,0.079,28,71,0.9997,3.5,0.57,9.7,5,9.6
617,0.31,0.51,2.2,0.079,14,28,0.9982,3.03,0.93,9.8,6,11.5
619,0.37,0.41,2.3,0.088,6,16,0.9988,3.09,0.8,9.3,5,11.3
620,0.54,0.24,3.4,0.076,16,112,0.9976,3.27,0.61,9.4,5,8.3
621,0.56,0.23,3.4,0.078,14,104,0.9976,3.28,0.62,9.4,5,8.2
622,0.58,0.22,1.9,0.08,9,32,0.9974,3.13,0.55,9.5,5,10
625,0.69,0,5.6,0.124,21,58,0.9997,3.46,0.72,10.2,5,6.8
626,0.6,0.29,2.2,0.098,5,15,0.9988,3.36,0.49,9.1,5,8.8
627,0.6,0.29,2.2,0.098,5,15,0.9988,3.36,0.49,9.1,5,8.8
628,0.54,0.26,2.5,0.097,7,31,0.9976,3.27,0.6,9.3,6,8.7
629,0.685,0.23,2.3,0.111,20,84,0.9964,3.21,0.61,9.3,5,7.6
630,0.54,0.26,2.5,0.097,7,31,0.9976,3.27,0.6,9.3,6,8.7
631,0.28,0.54,2.7,0.105,5,19,0.9988,3.25,0.63,9.5,5,10.4
632,0.41,0.14,3,0.087,21,43,0.9964,3.32,0.57,10.5,6,7.6
633,0.935,0.22,3.4,0.105,11,86,1.001,3.43,0.64,11.3,4,10.1
634,0.35,0.21,1.9,0.073,46,102,0.9964,3.27,0.58,9.5,5,7.9
635,0.84,0,1.4,0.065,24,33,0.9954,3.27,0.55,9.7,5,8.7
636,0.88,0.28,2.4,0.086,30,147,0.9979,3.24,0.53,9.4,5,9.6
637,0.885,0.27,2.3,0.084,31,145,0.9978,3.24,0.53,9.4,5,9.5
639,0.29,0.35,1.9,0.067,25,57,0.997,3.18,1.36,10.3,6,8.9
640,0.54,0.45,2.3,0.071,16,40,0.9991,3.39,0.62,9.4,5,9.9
642,0.54,0.45,2.3,0.071,16,40,0.9991,3.39,0.62,9.4,5,9.9
644,0.54,0.45,2.3,0.071,16,40,0.9991,3.39,0.62,9.4,5,9.9
647,0.845,0.01,2.2,0.07,5,14,0.9967,3.32,0.58,11,4,8.3
648,0.48,0.3,2.8,0.066,10,28,0.9964,3.33,0.67,11.2,7,8.7
649,0.42,0.27,8.6,0.068,24,148,0.9948,3.16,0.57,11.3,6,6.7
650,0.43,0.39,2.2,0.106,8,32,0.9986,2.89,0.5,9.6,5,10.7
652,0.36,0.65,7.5,0.096,22,71,0.9976,2.98,0.84,14.9,5,15.9
653,0.33,0.59,2.8,0.079,9,30,0.9976,3.12,0.54,12,6,9.4
654,0.47,0.47,2.4,0.074,7,29,0.9979,3.08,0.46,9.5,5,8.6
655,0.55,0.17,2.9,0.087,20,53,1.0004,3.14,0.61,9.4,5,9.7
656,0.43,0.39,2.2,0.106,8,32,0.9986,2.89,0.5,9.6,5,10.7
657,0.5,0.59,1.4,0.073,23,42,0.998,2.92,0.68,10.5,7,12
658,0.52,0.07,1.4,0.074,5,20,0.9973,3.32,0.81,9.6,6,7.2
660,0.52,0.07,1.4,0.074,5,20,0.9973,3.32,0.81,9.6,6,7.2
661,0.42,0.31,1.6,0.08,15,42,0.9978,3.31,0.64,9,5,7.5
662,0.57,0.06,1.6,0.076,9,27,0.9972,3.36,0.7,9.6,6,7.2
665,0.59,0.14,2,0.084,25,48,0.9981,3.14,0.56,9.7,5,9.4
666,0.49,0.36,1.8,0.222,6,16,0.998,3.18,0.6,9.5,6,8.3
667,0.34,0.45,2,0.082,6,15,0.9988,2.94,0.66,9.2,6,11.3
669,0.34,0.45,2,0.082,6,15,0.9988,2.94,0.66,9.2,6,11.3
671,0.73,0.21,1.7,0.074,5,13,0.9968,3.2,0.52,9.5,5,8.2
673,0.73,0.21,1.7,0.074,5,13,0.9968,3.2,0.52,9.5,5,8.2
676,0.4,0.41,2.2,0.084,7,17,0.9984,3.08,0.67,9.3,6,10.8
677,0.8,0.11,2.3,0.084,12,31,0.9979,3.4,0.48,9.9,5,8.6
678,0.78,0.1,2.6,0.081,45,87,0.9983,3.48,0.53,10,5,8.3
679,0.26,0.45,3.3,0.06,20,49,0.9972,3.13,0.54,9.6,5,10.8
681,0.45,0.23,2.2,0.094,16,29,0.9962,3.21,0.49,10.2,6,8
682,0.46,0.31,2.25,0.078,32,58,0.998,3.33,0.54,9.8,5,8.5
683,0.78,0.23,2.6,0.059,5,15,0.997,3.37,0.56,11.3,5,8.1
684,0.98,0.32,2.3,0.078,35,152,0.998,3.25,0.48,9.4,5,9.8
685,0.78,0.23,2.6,0.059,5,15,0.997,3.37,0.56,11.3,5,8.1
688,0.66,0.04,1.6,0.039,4,9,0.9962,3.4,0.47,9.4,5,7.7
689,0.38,0.48,1.8,0.157,5,17,0.9976,3.3,1.05,9.4,5,8.1
691,0.92,0.24,2.6,0.087,12,93,0.9998,3.48,0.54,9.8,5,9.2
692,0.49,0.51,2,0.422,16,62,0.9979,3.03,1.17,9,5,8.6
693,0.48,0.32,2.8,0.084,21,122,0.9984,3.32,0.62,9.4,5,9
694,0.47,0.31,2.7,0.084,24,125,0.9984,3.31,0.61,9.4,5,9
695,0.47,0.02,1.3,0.034,18,44,0.9921,3.9,0.62,12.8,6,5.1
697,0.65,0.02,2.1,0.066,8,25,0.9972,3.47,0.67,9.5,6,7
698,0.615,0.28,3.2,0.087,18,72,1.0001,3.31,0.53,9.7,5,9.4
699,0.38,0.55,2.1,0.071,5,19,0.9986,3.11,0.62,10.8,6,11.8
700,1.02,0.43,2.9,0.076,26,88,0.9984,3.08,0.57,10.1,6,10.6
701,0.65,0.02,2.1,0.066,8,25,0.9972,3.47,0.67,9.5,6,7
702,0.64,0.02,2.1,0.067,9,23,0.997,3.47,0.67,9.4,6,7
703,0.38,0.48,2.6,0.073,22,84,0.9972,3.32,0.7,9.6,4,7.5
704,0.765,0.04,1.6,0.078,4,14,0.998,3.29,0.54,9.7,4,9.1
705,1.035,0.15,6,0.073,11,54,0.999,3.37,0.49,9.9,5,8.4
706,0.78,0.08,2,0.093,10,19,0.9956,3.4,0.47,10,5,7
707,0.49,0.19,3,0.077,16,37,0.9966,3.37,0.51,10.5,5,7.4
708,0.545,0.12,2.5,0.068,11,35,0.996,3.34,0.61,11.6,6,7.8
710,1.025,0.43,2.8,0.08,21,84,0.9985,3.06,0.57,10.1,5,10.6
711,0.565,0.34,3,0.093,16,112,0.9998,3.38,0.61,9.5,5,8.9
714,0.74,0.28,2.6,0.078,21,77,0.998,3.28,0.51,9.8,5,9.9
717,0.46,0.11,2.6,0.079,12,49,0.9968,3.21,0.57,10,5,7.6
718,0.56,0.04,2,0.082,10,22,0.9976,3.22,0.44,9.6,5,8.4
719,0.66,0,3.9,0.086,17,45,0.9976,3.46,0.54,9.5,5,7.1
720,0.56,0.04,2,0.082,10,22,0.9976,3.22,0.44,9.6,5,8.4
721,0.48,0.24,2.85,0.094,35,106,0.9982,3.1,0.53,9.2,5,8.9
723,0.31,0.3,2.2,0.053,36,127,0.9965,2.94,1.62,9.5,5,7.1
725,0.66,0.17,3,0.077,5,13,0.9976,3.29,0.55,10.4,5,9
726,0.72,0.09,2.8,0.084,18,49,0.9994,3.43,0.72,11.1,6,8.1
727,0.57,0.02,1.8,0.067,4,11,0.997,3.46,0.68,9.5,5,6.4
728,0.57,0.02,1.8,0.067,4,11,0.997,3.46,0.68,9.5,5,6.4
729,0.865,0.03,3.2,0.071,27,58,0.995,3.61,0.49,12.7,6,6.4
730,0.55,0.66,2.3,0.387,12,37,0.9982,3.17,0.67,9.6,5,9.5
731,0.875,0.13,3.45,0.088,4,14,0.9994,3.44,0.52,11.5,5,8.9
732,0.835,0.03,2.1,0.092,10,19,0.9966,3.39,0.47,9.6,5,7.3
733,0.45,0.34,2.7,0.082,16,72,0.998,3.55,0.6,9.5,5,7
734,0.56,0.2,2,0.075,9,39,0.9987,3.48,0.62,9.3,5,7.7
736,0.965,0.1,2.1,0.112,11,22,0.9963,3.26,0.5,9.5,5,7.7
737,0.59,0,2.5,0.093,19,58,1.0002,3.5,0.65,9.3,6,8.2
739,0.69,0,2.4,0.088,19,38,0.999,3.35,0.6,9.3,5,9
740,0.76,0.29,4.2,0.075,12,16,0.9965,3.45,0.68,11.5,6,8.3
741,0.53,0.24,2.6,0.078,28,139,0.99788,3.21,0.57,9.5,5,9.2
744,0.39,0.54,2.7,0.095,21,101,1.0001,3.13,0.51,9.5,5,11.1
745,0.51,0.18,2.1,0.07,12,28,0.99768,3.52,0.73,9.5,6,7.3
746,0.34,0.38,2.5,0.08,12,57,0.9978,3.3,0.47,9,6,8.2
748,0.5,0.18,2.1,0.071,12,31,0.99761,3.52,0.72,9.6,6,7.2
749,0.51,0.18,2.1,0.07,12,28,0.99768,3.52,0.73,9.5,6,7.3
750,0.65,0.1,2.9,0.089,17,40,0.99803,3.29,0.55,9.5,5,8.3
752,0.54,0.13,2.5,0.097,24,66,0.99785,3.39,0.61,9.4,5,7.6
753,0.65,0.1,2.9,0.089,17,40,0.99803,3.29,0.55,9.5,5,8.3
754,0.48,0.68,1.7,0.415,14,32,0.99656,3.09,1.06,9.1,6,7.8
755,0.91,0.07,1.9,0.058,22,47,0.99525,3.51,0.43,10.7,6,7.8
756,0.98,0.01,2,0.057,15,33,0.99488,3.6,0.46,11.2,6,6.3
757,0.87,0,2.2,0.084,10,31,0.99656,3.25,0.5,9.8,5,8.1
758,0.87,0,2.2,0.084,10,31,0.99656,3.25,0.5,9.8,5,8.1
759,0.42,0.21,2.5,0.092,33,88,0.99823,3.19,0.52,9.2,5,8.8
760,0.58,0.25,2.8,0.075,9,104,0.99779,3.23,0.57,9.7,5,9
761,0.655,0.26,2,0.096,5,35,0.99738,3.25,0.42,9.6,5,9.3
762,0.7,0,1.7,0.069,8,19,0.99701,3.31,0.53,10,6,8.8
764,0.68,0.11,2.8,0.093,11,44,0.99888,3.31,0.55,9.5,6,9.1
765,0.67,0.1,3,0.091,12,48,0.99888,3.31,0.54,9.5,6,9.2
766,0.59,0.18,2.9,0.089,12,74,0.99738,3.14,0.54,9.4,5,8.8
768,0.59,0.02,2.3,0.082,24,94,0.99744,3.55,0.53,9.7,6,7.1
769,0.72,0.01,1.9,0.076,7,32,0.99668,3.39,0.54,9.6,5,7.9
770,0.59,0.02,2.3,0.082,24,94,0.99744,3.55,0.53,9.7,6,7.1
771,0.685,0.26,2.4,0.082,23,143,0.9978,3.28,0.55,9.4,5,9.4
772,0.57,0.27,2.3,0.082,23,144,0.99782,3.27,0.55,9.4,5,9.5
773,0.4,0.29,1.8,0.157,1,44,0.9973,3.3,0.92,9.5,6,7.9
775,1,0,3,0.102,7,16,0.99586,3.43,0.46,10,5,7.2
777,0.635,0.17,2.4,0.241,6,18,0.9961,3.4,0.59,10.3,6,6.9
778,0.43,0.3,3.4,0.079,7,34,0.99788,3.36,0.61,10.5,5,8.3
779,0.52,0.03,2.6,0.076,21,92,0.99745,3.5,0.6,9.8,5,7.1
780,0.57,0,2,0.19,12,45,0.99676,3.31,0.6,9.4,6,7
781,0.46,0.14,2.4,0.114,9,37,0.99732,3.66,0.65,9.8,5,6.5
784,0.59,0.01,2.5,0.077,20,85,0.99746,3.55,0.59,9.8,5,7.1
785,0.35,0.41,2.3,0.083,11,61,0.9982,3.21,0.5,9.5,5,9.9
787,0.56,0.24,2.2,0.079,19,58,0.9991,3.18,0.56,10.1,6,10
788,0.56,0.24,2.2,0.079,19,58,0.9991,3.18,0.56,10.1,6,10
789,0.63,0.17,2.9,0.099,21,119,0.998,3.09,0.52,9.3,5,8.6
790,0.37,0.43,2.6,0.082,18,82,0.99708,3.33,0.68,9.7,6,7.4
791,0.64,0.17,2.9,0.084,25,130,0.99818,3.23,0.54,9.6,5,8.8
792,0.61,0.02,2.5,0.081,17,87,0.99745,3.48,0.6,9.7,6,7.1
793,0.6,0,2.6,0.055,7,13,0.99639,3.38,0.56,10.8,5,7.7
794,0.27,0.54,2.3,0.065,7,26,0.99531,3.17,0.53,12.5,6,10.1
795,0.89,0.3,2.6,0.132,7,60,0.99786,2.99,1.18,10.2,5,10.8
796,0.46,0.31,2.5,0.126,24,64,0.99746,3.1,0.74,9.6,5,8.7
797,0.37,0.44,1.6,0.038,21,42,0.99526,3.24,0.81,10.8,7,9.3
799,0.5,0.34,3.6,0.082,5,14,0.9987,3.29,0.52,10.7,6,9.4
801,0.55,0.09,3.3,0.068,8,17,0.99735,3.23,0.44,10,5,8.6
802,0.585,0,1.7,0.044,14,86,0.99264,3.56,0.94,12.9,7,5.1
803,0.56,0.08,2.5,0.114,14,46,0.9971,3.24,0.66,9.6,6,7.7
804,0.52,0.22,2.7,0.084,4,18,0.99682,3.26,0.57,9.9,6,8.4
806,0.25,0.39,2,0.041,4,10,0.99386,3.27,0.71,12.5,7,8.4
808,0.53,0.12,1.9,0.165,4,12,0.99702,3.26,0.86,9.2,5,7.4
809,0.48,0.31,2.8,0.07,4,15,0.99693,3.22,0.55,10.3,6,7.6
810,0.49,0.1,2.6,0.068,4,14,0.99562,3.3,0.47,10.5,5,7.3
811,0.5,0.55,2.8,0.072,7,24,1.00012,3.09,0.68,10.9,6,12.9
813,0.39,0.24,2.1,0.102,4,7,0.99462,3.44,0.58,11.4,4,6.9
814,0.41,0.54,2.8,0.103,19,41,0.99939,3.21,0.76,11.3,6,12.6
819,0.66,0.15,3.2,0.097,9,59,0.99976,3.28,0.54,9.6,5,9.1
820,0.685,0,1.9,0.099,9,22,0.99606,3.34,0.6,9.7,5,7
821,0.42,0,2.1,0.048,16,42,0.99154,3.71,0.74,14,7,4.9
823,0.54,0.13,2,0.076,15,36,0.9973,3.61,0.64,9.8,5,6.7
824,0.48,0.28,2.8,0.068,6,16,0.99682,3.24,0.53,10.3,5,7.1
826,0.27,0.34,2.3,0.05,4,8,0.9951,3.4,0.64,11,7,7.5
827,0.46,0.14,2.8,0.076,15,37,0.99624,3.36,0.49,10.7,5,7.1
830,0.685,0.07,2.5,0.058,5,9,0.99632,3.38,0.55,10.9,4,7.5
831,0.61,0.08,2.1,0.071,16,24,0.99376,3.56,0.77,11.1,6,5.9
833,0.47,0.44,1.6,0.147,36,51,0.99836,3.38,0.86,9.9,4,11.6
836,0.28,0.28,2.4,0.012,36,100,0.99064,3.26,0.39,11.7,7,6.7
837,0.28,0.28,2.4,0.012,36,100,0.99064,3.26,0.39,11.7,7,6.7
838,0.31,0.35,1.6,0.075,9,28,0.99672,3.24,0.83,11.2,7,10.1
841,0.66,0,3,0.115,21,31,0.99629,3.45,0.63,10.3,5,6.6
842,0.5,0.45,2.6,0.119,34,68,0.99708,3.23,0.72,10.9,6,10.6
843,0.685,0.35,2,0.088,9,92,0.9963,3.28,0.62,9.4,5,7.1
846,0.64,0.21,1.8,0.081,14,31,0.99689,3.59,0.66,9.8,5,6.4
847,0.68,0.16,1.8,0.078,12,39,0.9977,3.5,0.7,9.9,6,7.4
848,0.64,0.21,1.8,0.081,14,31,0.99689,3.59,0.66,9.8,5,6.4
850,0.43,0.44,1.9,0.085,9,22,0.99708,3.28,0.55,9.5,5,9.3
851,0.43,0.44,1.9,0.085,9,22,0.99708,3.28,0.55,9.5,5,9.3
853,0.36,0.39,1.5,0.08,41,55,0.99652,3.47,0.73,10.9,6,9.3
854,0.36,0.39,1.5,0.08,41,55,0.99652,3.47,0.73,10.9,6,9.3
856,0.36,0.39,1.5,0.08,41,55,0.99652,3.47,0.73,10.9,6,9.3
857,0.26,0.34,2.5,0.073,16,47,0.99594,3.4,0.78,11.3,7,8.2
858,0.28,0.47,1.7,0.054,17,32,0.99686,3.15,0.67,10.6,7,11.7
860,0.62,0.06,2.7,0.077,15,85,0.99746,3.51,0.54,9.5,5,7.2
862,0.42,0.32,2.7,0.067,7,25,0.99628,3.24,0.44,10.4,5,7.5
863,0.62,0.06,2.5,0.078,17,84,0.99746,3.51,0.53,9.7,5,7.2
865,0.635,0.07,2.6,0.077,16,86,0.99748,3.51,0.54,9.7,5,7.2
871,0.56,0.03,1.5,0.086,36,46,0.99522,3.53,0.57,10.6,5,6.9
872,0.35,0.24,2,0.067,28,48,0.99576,3.43,0.54,10,4,7.3
875,0.31,0.4,2.8,0.109,7,16,0.99614,3.31,0.79,11.8,7,8.8
877,0.715,0.01,2.1,0.064,31,43,0.99371,3.41,0.57,11.8,6,7.7
881,0.715,0,2.1,0.068,30,35,0.99533,3.48,0.65,11.4,6,7.6
882,0.31,0.29,3.1,0.194,14,26,0.99536,3.22,0.78,12,6,8.4
884,0.61,0.19,4,0.094,30,69,0.99787,3.22,0.5,10,6,8.8
885,0.75,0.14,2.5,0.086,9,30,0.99824,3.34,0.64,10.5,5,8.9
886,0.8,0.12,2.4,0.083,8,28,0.99836,3.33,0.65,10.4,6,9
888,0.57,0,2.5,0.072,32,64,0.99491,3.43,0.56,11.2,6,6.8
889,0.9,0.34,6.6,0.112,23,99,1.00289,3.22,0.68,9.3,5,10.7
891,0.66,0.03,2.3,0.078,16,86,0.99743,3.53,0.57,9.7,5,7.2
892,0.45,0.23,1.9,0.082,10,18,0.99774,3.22,0.65,9.3,6,10.1
893,0.66,0.03,2.3,0.078,16,86,0.99743,3.53,0.57,9.7,5,7.2
894,0.63,0.03,2.2,0.08,17,88,0.99745,3.53,0.58,9.8,6,7.2
895,0.59,0.01,2.3,0.08,27,43,0.9955,3.42,0.58,10.7,6,7.1
896,0.31,0.39,2.4,0.078,17,43,0.99444,3.31,0.77,12.5,7,8.3
897,0.59,0.01,2.3,0.08,27,43,0.9955,3.42,0.58,10.7,6,7.1
898,0.31,0.39,2.4,0.078,17,43,0.99444,3.31,0.77,12.5,7,8.3
900,0.31,0.36,2.6,0.056,10,39,0.99562,3.4,0.69,11.8,5,8.9
901,0.635,0.1,2.4,0.08,16,33,0.99736,3.58,0.69,10.8,7,7.4
902,0.635,0.1,2.4,0.08,16,33,0.99736,3.58,0.69,10.8,7,7.4
904,0.59,0.06,6,0.06,11,18,0.9962,3.41,0.59,10.8,7,6.8
906,0.54,0.27,2.6,0.084,12,78,0.9964,3.39,0.71,11,5,7.2
907,0.56,0,2.2,0.079,6,9,0.9948,3.59,0.54,11.5,6,6.1
908,0.52,0.13,2.4,0.078,34,61,0.99528,3.43,0.59,10.8,6,7.4
910,0.38,0.48,3.8,0.132,3,11,0.99577,3.23,0.57,13.2,6,9.3
911,0.28,0.46,9,0.114,3,9,0.99901,3.18,0.6,10.9,6,9.1
912,0.46,0.44,2.9,0.065,4,8,0.99674,3.33,0.62,12.2,6,10
915,0.315,0.4,2.2,0.079,3,6,0.99512,3.27,0.67,11.9,6,8.6
916,0.715,0.19,1.5,0.161,7,62,0.99395,3.62,0.61,11,5,5.3
917,0.41,0.31,8.8,0.084,26,45,0.99824,3.38,0.64,10.1,6,6.8
918,0.36,0.32,2.2,0.081,32,79,0.9964,3.3,0.72,11,6,8.4
919,0.62,0.12,1.8,0.072,38,46,0.99504,3.38,0.89,11.8,6,8.4
920,0.41,0.37,2.3,0.091,10,23,0.99786,3.24,0.56,10.5,5,9.6
922,0.62,0.12,1.8,0.072,38,46,0.99504,3.38,0.89,11.8,6,8.4
924,0.47,0.27,2.3,0.055,14,28,0.99516,3.18,0.8,11.2,5,8.6
925,0.22,0.36,1.9,0.064,53,77,0.99604,3.47,0.87,11,7,8.6
926,0.24,0.33,2.3,0.061,52,73,0.99786,3.47,0.9,10.2,6,9.4
927,0.67,0.19,2.2,0.093,11,75,0.99736,3.2,0.59,9.2,4,8.4
928,0.47,0.27,2.3,0.055,14,28,0.99516,3.18,0.8,11.2,5,8.6
929,0.33,0.38,3.3,0.063,10,19,0.99468,3.3,0.73,12,7,8.7
931,0.61,0.01,2,0.074,13,38,0.99748,3.48,0.65,9.8,5,7.4
932,0.4,0.29,1.9,0.078,29,66,0.9971,3.45,0.59,9.5,6,7.6
934,0.61,0.01,1.9,0.08,8,25,0.99746,3.69,0.73,10.5,5,6.6
936,0.3,0.38,2.3,0.06,19,72,0.99543,3.39,0.72,11.8,6,8.8
939,0.46,0.17,1.6,0.073,7,11,0.99425,3.61,0.54,11.4,5,6.2
941,0.27,0.49,5,0.082,9,17,0.99484,3.19,0.52,12.5,7,9.9
942,0.43,0.4,2.6,0.092,13,52,0.99834,3.22,0.64,10,7,10.1
944,0.3,0.49,3.8,0.09,11,24,0.99498,3.27,0.64,12.1,7,8.3
946,0.44,0.58,4.1,0.092,11,24,0.99745,3.29,0.99,12,7,10.2
947,0.28,0.48,2.1,0.093,6,12,0.99408,3.26,0.62,12.4,7,8.3
949,0.12,0.45,1.8,0.075,10,21,0.99552,3.41,0.76,11.9,7,8.9
950,0.12,0.45,1.8,0.075,10,21,0.99552,3.41,0.76,11.9,7,8.9
951,0.28,0.48,2.1,0.093,6,12,0.99408,3.26,0.62,12.4,7,8.3
952,0.31,0.4,2.2,0.058,6,10,0.99536,3.31,0.68,11.2,7,8.2
953,0.34,0.48,2.1,0.052,5,9,0.99458,3.2,0.69,12.1,7,10.2
955,0.21,0.52,1.9,0.09,9,23,0.99648,3.36,0.67,10.4,5,8.5
956,0.36,0.52,2.1,0.111,5,10,0.99568,3.31,0.62,11.3,6,9
958,0.57,0.12,2.3,0.12,25,36,0.99519,3.47,0.71,11.3,7,6.4
960,0.47,0.27,1.9,0.058,18,38,0.99518,3.16,0.85,11.1,6,8.5
961,0.56,0.14,1.6,0.078,7,18,0.99592,3.27,0.62,9.3,5,7.1
962,0.57,0.02,2.1,0.115,6,16,0.99654,3.38,0.69,9.5,5,6.6
964,0.47,0.27,1.9,0.058,18,38,0.99518,3.16,0.85,11.1,6,8.5
967,0.66,0.2,2.1,0.097,23,113,0.99733,3.13,0.48,9.2,5,8.5
968,0.4,0.43,2.4,0.068,29,46,0.9943,3.2,0.6,12.2,6,9
971,0.26,0.48,1.9,0.066,6,10,0.99724,3.33,0.87,10.9,6,10.4
974,0.33,0.41,5.9,0.073,7,13,0.99658,3.3,0.62,12.1,7,8.8
975,0.41,0.3,2.1,0.083,35,72,0.997,3.44,0.52,9.4,5,7.2
977,0.59,0.29,2.6,0.109,31,119,0.99801,3.15,0.5,9.1,5,8.4
978,0.4,0.32,3.6,0.061,9,29,0.99416,3.28,0.49,11.3,7,7
980,0.5,0.3,1.9,0.065,8,17,0.99774,3.32,0.71,10.5,6,9.1
981,0.86,0.26,1.9,0.079,13,28,0.99712,3.25,0.62,10,5,9.5
982,0.52,0.32,2.1,0.07,51,70,0.99418,3.34,0.82,12.9,6,7.3
983,0.5,0.3,1.9,0.065,8,17,0.99774,3.32,0.71,10.5,6,9.1
985,0.58,0,2,0.064,7,11,0.99562,3.45,0.58,11.3,6,7.4
987,0.36,0.3,1.6,0.08,35,70,0.99693,3.44,0.5,9.4,5,7.1
988,0.39,0.12,1.7,0.097,19,27,0.99596,3.16,0.49,9.4,5,7.7
989,0.295,0.4,1.5,0.073,14,21,0.99556,3.14,0.51,10.9,6,9.7
990,0.39,0.12,1.7,0.097,19,27,0.99596,3.16,0.49,9.4,5,7.7
991,0.34,0.28,2,0.082,31,68,0.99694,3.45,0.48,9.4,5,7.1
993,0.34,0.28,2,0.082,31,68,0.99694,3.45,0.48,9.4,5,7.1
995,0.6,0.06,2,0.079,19,41,0.99697,3.39,0.62,10.1,6,7.7
998,0.84,0.34,1.4,0.05,4,10,0.99554,3.12,0.48,9.1,6,8.9
999,0.69,0,1.65,0.055,7,12,0.99162,3.47,0.53,12.9,6,6.4
1000,0.43,0.3,2.2,0.062,6,12,0.99495,3.44,0.72,11.5,7,7.5
1004,0.43,0.29,1.6,0.081,27,45,0.99603,3.25,0.54,10.3,5,8.2
1005,0.36,0.32,1.8,0.067,4,8,0.9928,3.36,0.55,12.8,7,6.8
1006,0.29,0.33,2.05,0.063,13,27,0.99516,3.26,0.84,11.7,7,9.1
1007,0.3,0.34,2,0.064,12,25,0.99516,3.26,0.84,11.7,7,9.1
1008,0.35,0.4,3.6,0.11,12,24,0.99549,3.23,0.7,12,7,8.9
1010,0.28,0.45,1.7,0.067,7,12,0.99354,3.25,0.55,12.3,7,8.9
1011,0.32,0.31,2,0.088,12,19,0.9957,3.17,0.55,10.4,6,8.9
1012,1.005,0.15,2.1,0.102,11,32,0.99604,3.23,0.48,10,5,7.7
1013,0.71,0,1.6,0.092,22,31,0.99635,3.38,0.58,10,6,7.5
1014,0.58,0.16,2,0.12,3,7,0.99454,3.22,0.58,11.2,6,8
1016,0.38,0.4,2.2,0.068,12,28,0.99486,3.27,0.75,12.6,7,8.9
1018,0.18,0.37,0.9,0.049,36,109,0.99007,2.89,0.44,12.7,6,8
1019,0.5,0.14,1.8,0.078,10,23,0.99636,3.53,0.61,10.4,5,7
1020,0.36,0.66,2.4,0.123,3,8,0.99642,3.2,0.53,11.9,6,11.3
1021,0.36,0.66,2.4,0.123,3,8,0.99642,3.2,0.53,11.9,6,11.3
1022,0.51,0.09,2.1,0.062,4,9,0.99584,3.35,0.54,10.5,5,7
1023,0.32,0.42,2.3,0.098,3,9,0.99506,3.27,0.55,12.3,6,8.2
1024,0.58,0.01,1.8,0.088,12,18,0.99568,3.32,0.56,10.5,7,7.7
1025,0.83,0,2.8,0.095,17,43,0.99822,3.33,0.6,10.4,6,8.6
1026,0.31,0.32,1.9,0.066,14,36,0.99364,3.41,0.56,12.6,6,7.9
1027,0.795,0,2.2,0.065,28,52,0.99378,3.49,0.52,11.6,5,6.4
1029,0.58,0.01,1.8,0.088,12,18,0.99568,3.32,0.56,10.5,7,7.7
1032,0.82,0,4.1,0.095,5,14,0.99854,3.36,0.53,9.6,5,8.1
1034,0.745,0.18,2.5,0.077,15,48,0.99739,3.2,0.47,9.7,6,8.9
1035,0.37,0.34,2.4,0.085,5,17,0.99683,3.17,0.65,10.6,7,10.1
1036,0.31,0.34,2.5,0.082,26,35,0.99356,3.22,0.59,12.5,7,7.6
1038,0.41,0.41,6.2,0.078,25,42,0.9953,3.24,0.77,12.6,7,8.7
1039,0.5,0.21,2.2,0.088,21,39,0.99692,3.33,0.83,11.1,6,8.9
1041,0.49,0.19,1.7,0.079,13,26,0.99547,3.38,0.64,9.8,6,6.9
1044,0.39,0.33,3.3,0.046,12,53,0.99294,3.36,0.62,12.2,6,6.4
1045,0.44,0,1.4,0.07,32,38,0.99438,3.32,0.58,11.4,6,6.9
1046,0.78,0,1.7,0.076,33,45,0.99612,3.31,0.62,10.7,6,7.6
1047,0.43,0.17,1.8,0.082,27,51,0.99634,3.49,0.64,10.4,5,7.1
1048,0.49,0.36,1.7,0.081,3,14,0.99702,3.27,0.78,10.9,6,9.3
1049,0.5,0.36,1.8,0.084,6,17,0.99704,3.27,0.77,10.8,6,9.3
1051,0.46,0.59,1.4,0.414,16,45,0.99702,3.03,1.34,9.2,5,8.5
1052,0.605,0.05,2.4,0.073,19,25,0.99258,3.56,0.55,12.9,5,5.6
1053,0.33,0.42,2.3,0.07,9,20,0.99426,3.38,0.77,12.7,7,8.3
1055,0.64,0.27,2,0.095,5,77,0.99747,3.13,0.62,9.1,6,8.2
1056,0.48,0.53,4,0.101,3,10,0.99586,3.21,0.59,12.1,7,8.9
1057,0.42,0.25,3.9,0.104,28,90,0.99784,3.15,0.57,9.1,5,7.6
1058,0.53,0.57,2.4,0.093,30,52,0.9971,3.19,0.76,11.6,7,9.9
1059,0.48,0.53,4,0.101,3,10,0.99586,3.21,0.59,12.1,7,8.9
1060,0.23,0.57,1.8,0.074,3,8,0.9981,3.14,0.7,9.9,6,11.6
1061,0.4,0.5,1.8,0.071,7,16,0.99462,3.21,0.69,12.5,8,9.1
1062,0.38,0.44,1.9,0.098,6,15,0.9956,3.3,0.64,11.4,6,8
1063,0.29,0.65,2.4,0.075,6,17,0.99565,3.22,0.63,11.8,6,10.2
1064,0.74,0.09,2,0.067,5,10,0.99418,3.28,0.57,11.8,6,8.2
1065,0.61,0.18,2.4,0.083,6,20,0.9963,3.29,0.6,10.2,6,7.7
1066,0.52,0.08,2.4,0.07,13,26,0.99358,3.4,0.72,12.5,7,6.6
1067,0.31,0.53,2.2,0.06,3,10,0.99572,3.02,0.83,10.9,7,11.1
1069,0.62,0.35,2.8,0.086,28,52,0.997,3.31,0.62,10.8,5,8
1070,0.33,0.45,1.5,0.057,19,37,0.99498,3.18,0.89,11.1,7,9.3
1071,0.77,0.2,8.1,0.098,30,92,0.99892,3.2,0.58,9.2,5,7.5
1073,0.62,0.33,2.7,0.088,16,37,0.9972,3.31,0.58,10.7,6,8
1076,0.32,0.56,2,0.073,3,8,0.99534,3.15,0.73,11.4,6,9.9
1078,0.37,0.65,6.4,0.08,3,8,0.99817,3.27,0.58,11,5,8.6
1079,0.3,0.68,8.3,0.05,37.5,278,0.99316,3.01,0.51,12.3,7,7.9
1081,0.3,0.68,8.3,0.05,37.5,289,0.99316,3.01,0.51,12.3,7,7.9
1082,0.38,0.3,1.8,0.073,31,70,0.99685,3.42,0.59,9.5,6,7.2
1083,0.42,0.45,2.4,0.072,32,59,0.99617,3.33,0.77,12,6,8.7
1085,0.48,0.08,1.8,0.074,40,64,0.99529,3.12,0.49,9.6,5,6.8
1086,0.34,0.4,4.7,0.055,3,9,0.99738,3.38,0.66,11.6,7,8.5
1087,0.19,0.42,1.6,0.057,18,30,0.994,3.29,0.69,11.2,6,7.9
1088,0.41,0.54,1.5,0.095,22,41,0.99735,3.02,0.76,9.9,7,11.6
1089,0.41,0.54,1.5,0.095,22,41,0.99735,3.02,0.76,9.9,7,11.6
1090,0.26,0.54,1.9,0.083,42,74,0.99451,2.98,0.63,11.8,8,10
1091,0.34,0.42,2,0.086,8,19,0.99546,3.35,0.6,11.4,6,7.9
1092,0.54,0.09,2,0.081,10,16,0.99479,3.43,0.59,11.5,6,7
1093,0.31,0.36,2.2,0.079,11,31,0.99615,3.33,0.86,12,7,9.2
1094,0.725,0.09,5.5,0.117,9,17,0.99655,3.35,0.49,10.8,6,6.6
1096,0.725,0.09,5.5,0.117,9,17,0.99655,3.35,0.49,10.8,6,6.6
1099,0.52,0.38,1.5,0.096,5,18,0.99666,3.2,0.52,9.4,5,8.6
1100,0.34,0.42,2.1,0.072,23,36,0.99392,3.11,0.78,12.4,6,8.4
1101,0.49,0.27,2.1,0.071,14,25,0.99388,3.35,0.63,12,6,7.4
1103,0.49,0.27,2.1,0.071,14,25,0.99388,3.35,0.63,12,6,7.4
1104,0.48,0.34,2.2,0.073,16,25,0.9936,3.28,0.66,12.4,6,8
1105,0.57,0.28,2.1,0.048,13,49,0.99374,3.41,0.6,12.8,5,6.3
1107,0.3,0.41,2,0.068,10,24,0.99523,3.27,0.85,11.7,7,9.1
1108,0.78,0.1,3.3,0.09,4,13,0.99855,3.36,0.49,9.5,5,8.1
1109,0.47,0.43,2.1,0.171,27,66,0.9982,3.17,0.76,10.8,6,10.8
1110,0.53,0,1.4,0.07,6,14,0.99593,3.25,0.64,10,6,8.3
1111,0.42,0.27,2,0.092,23,55,0.99471,3.78,0.64,12.3,7,5.4
1112,0.33,0.41,1.5,0.056,6,35,0.99396,3.29,0.71,11,6,7.9
1114,0.4,0.5,4.3,0.046,29,80,0.9902,3.49,0.66,13.6,6,5
1115,0.69,0.07,2.5,0.091,15,21,0.99572,3.38,0.6,11.3,6,7
1116,0.69,0.07,2.5,0.091,15,21,0.99572,3.38,0.6,11.3,6,7
1117,0.69,0.07,2.5,0.091,15,21,0.99572,3.38,0.6,11.3,6,7
1118,0.39,0.12,2.1,0.065,14,24,0.99252,3.3,0.53,13.3,6,7.1
1119,0.66,0,2.5,0.066,7,15,0.99256,3.52,0.58,12.9,5,5.6
1120,0.54,0.34,2.5,0.076,8,17,0.99235,3.2,0.72,13.1,8,7.9
1122,0.47,0,1.4,0.055,27,33,0.9922,3.45,0.48,12.3,6,6.3
1125,0.24,0.35,1.7,0.055,13,27,0.99394,3.14,0.59,11.3,7,8.8
1127,0.76,0,2.9,0.072,26,52,0.99379,3.51,0.6,11.5,6,6.3
1128,0.43,0.33,2.7,0.095,28,89,0.9984,3.22,0.68,10,5,10
1130,0.6,0,1.9,0.058,5,10,0.9977,3.18,0.63,10.4,6,9.1
1132,0.36,0.34,1.8,0.075,18,38,0.9933,3.38,0.88,13.6,7,7.4
1133,0.48,0.07,5.5,0.089,10,18,0.99684,3.37,0.68,11.2,7,7.2
1134,0.28,0.35,1.7,0.061,6,15,0.99524,3.3,0.74,11.8,7,8.5
1135,0.25,0.43,1.7,0.067,22,50,0.9946,3.38,0.6,11.9,6,8
1136,0.52,0.45,2,0.08,6,13,0.99774,3.22,0.76,11.4,6,10.4
1138,0.41,0.15,3.7,0.104,29,94,0.99786,3.14,0.58,9.1,5,7.5
1139,0.51,0.24,2,0.079,16,86,0.99764,3.34,0.64,9.5,6,8.2
1140,0.4,0.3,1.7,0.08,33,79,0.9969,3.41,0.65,9.5,6,7.3
1141,0.38,0.32,2.5,0.08,24,71,0.99624,3.27,0.85,11,6,8.2
1142,0.45,0.11,2.4,0.043,6,12,0.99354,3.3,0.65,11.4,6,6.9
1143,0.22,0.3,1.8,0.065,16,20,0.99672,3.61,0.82,10,6,7
1144,0.32,0.23,2.3,0.066,35,70,0.99588,3.43,0.62,10.1,5,7.3
1145,0.2,0.43,2.5,0.076,31,51,0.99672,3.53,0.81,10.4,6,8.2
1146,0.5,0.12,1.8,0.178,6,21,0.996,3.28,0.87,9.8,6,7.8
1147,0.41,0.45,6.2,0.071,6,14,0.99702,3.21,0.49,11.8,7,10
1148,0.39,0.42,2,0.086,9,21,0.99526,3.39,0.66,11.6,6,7.8
1149,0.35,0.47,2,0.061,6,11,0.99585,3.23,0.52,12,6,10
1151,0.58,0.23,2.5,0.044,16,70,0.99352,3.46,0.65,12.5,6,6.1
1152,0.6,0.25,2.2,0.118,9,38,0.99616,3.15,0.53,9.8,5,8.3
1153,0.42,0.35,2.1,0.083,17,38,0.99622,3.23,0.66,11.1,6,9.6
1155,0.6,0.25,2.2,0.118,9,38,0.99616,3.15,0.53,9.8,5,8.3
1156,0.18,0.51,1.75,0.071,45,88,0.99524,3.33,0.76,11.8,7,8.5
1157,0.51,0.18,2.1,0.042,16,101,0.9924,3.46,0.87,12.9,7,5.1
1162,0.32,0.42,2.3,0.075,12,19,0.99434,3.14,0.71,11.8,7,8.5
1164,0.785,0.24,1.7,0.078,10,21,0.99692,3.29,0.67,10,5,9
1167,0.33,0.39,2.5,0.074,29,48,0.99528,3.32,0.88,12.4,7,8.2
1168,0.34,0.27,2.8,0.067,8,44,0.99384,3.21,0.56,12,6,6.5
1169,0.5,0.29,2.3,0.086,5,14,0.99502,3.32,0.62,11.5,6,7.6
1170,0.36,0.34,1.6,0.062,5,12,0.99667,3.2,0.67,10.5,6,9.2
1172,0.42,0.46,2.1,0.074,5,16,0.99649,3.27,0.74,12.3,6,9.7
1173,0.36,0.31,1.7,0.079,26,65,0.99716,3.46,0.62,9.5,6,7.6
1174,0.36,0.31,1.7,0.079,26,65,0.99716,3.46,0.62,9.5,6,7.6
1175,0.61,0,2.2,0.095,48,59,0.99541,3.61,0.7,11.5,6,6.5
1176,0.88,0.03,5.6,0.079,23,47,0.99572,3.58,0.5,11.2,4,6.5
1178,0.915,0,2.1,0.041,17,78,0.99346,3.68,0.73,11.4,5,5.6
1179,0.35,0.33,2.4,0.076,11,47,0.99599,3.27,0.81,11,6,8.2
1181,0.39,0.43,1.65,0.068,5,11,0.99478,3.19,0.46,11.4,5,9.8
1183,0.66,0.07,1.6,0.07,16,61,0.99572,3.29,0.6,9.3,5,6.8
1184,0.64,0.23,2.1,0.08,11,119,0.99538,3.36,0.7,10.9,5,6.7
1188,0.64,0.23,2.1,0.08,11,119,0.99538,3.36,0.7,10.9,5,6.7
1189,0.955,0.05,1.8,0.075,5,19,0.99616,3.3,0.44,9.6,4,8.8
1190,0.4,0.57,4.6,0.08,6,20,0.99652,3.28,0.57,12.5,6,9.1
1191,0.885,0,2.3,0.166,6,12,0.99551,3.56,0.51,10.8,5,6.5
1192,0.25,0.37,2.5,0.063,11,41,0.99439,3.52,0.8,12.4,7,7.2
1194,0.745,0.12,1.8,0.114,15,64,0.99588,3.22,0.59,9.5,6,7
1195,0.43,0.22,1.8,0.078,21,56,0.99633,3.52,0.6,9.5,6,6.2
1197,0.57,0.21,1.5,0.069,4,9,0.99458,3.16,0.54,9.8,6,7.7
1198,0.26,0.26,2,0.052,19,77,0.9951,3.15,0.79,10.9,6,7.7
1199,0.58,0.23,2.3,0.076,23,94,0.99686,3.21,0.58,9.5,6,7.9
1200,0.57,0.21,1.5,0.069,4,9,0.99458,3.16,0.54,9.8,6,7.7
1201,0.34,0.36,1.9,0.065,5,10,0.99419,3.27,0.54,11.2,7,7.9
1202,0.42,0.39,1.8,0.068,6,12,0.99516,3.35,0.69,11.7,8,8.6
1203,0.74,0.19,5.8,0.111,33,76,0.99878,3.14,0.55,9.4,5,9.9
1204,0.36,0.46,2.1,0.074,24,44,0.99534,3.4,0.85,11,7,7.2
1206,0.36,0.46,2.1,0.074,24,44,0.99534,3.4,0.85,11,7,7.2
1207,0.72,0.55,1.7,0.136,24,52,0.99752,3.35,0.94,10,5,9.9
1208,0.36,0.46,2.1,0.074,24,44,0.99534,3.4,0.85,11,7,7.2
1209,0.39,0.43,2,0.071,14,24,0.99428,3.45,0.87,11.2,7,6.2
1210,0.65,0.02,2.1,0.078,8,15,0.99498,3.35,0.62,10.4,6,6.8
1212,0.65,0.02,2.1,0.078,8,15,0.99498,3.35,0.62,10.4,6,6.8
1214,0.33,0.46,1.9,0.081,6,9,0.99628,3.1,0.48,10.4,6,10.2
1216,0.57,0.31,2,0.079,10,79,0.99677,3.29,0.69,9.5,6,7.9
1219,0.39,0.4,1.3,0.044,25,50,0.99478,3.2,0.83,10.9,6,9
1220,0.32,0.52,1.8,0.132,17,44,0.99734,3.28,0.77,11.5,6,10.9
1221,0.32,0.52,1.8,0.132,17,44,0.99734,3.28,0.77,11.5,6,10.9
1224,0.39,0.49,2.5,0.08,8,20,0.9992,3.07,0.82,10.3,6,12.6
1225,0.46,0.23,2.6,0.091,18,77,0.99922,3.15,0.51,9.4,5,9.2
1226,0.58,0.03,4.1,0.08,27,46,0.99592,3.02,0.47,9.2,5,7.5
1227,0.58,0.25,2,0.104,8,21,0.99769,3.27,0.72,9.6,5,9
1228,0.42,0,1.8,0.044,18,88,0.99157,3.68,0.73,13.6,7,5.1
1229,0.43,0.29,2.1,0.075,19,66,0.99718,3.4,0.64,9.5,5,7.6
1230,0.18,0.34,2.7,0.066,15,58,0.9947,3.37,0.78,11.8,6,7.7
1231,0.815,0.01,2.6,0.074,48,90,0.99621,3.38,0.62,10.8,5,7.8
1232,0.43,0.29,2.1,0.075,19,66,0.99718,3.4,0.64,9.5,5,7.6
1234,0.75,0.01,2.2,0.059,11,18,0.99242,3.39,0.4,12.8,6,7.1
1236,0.55,0,1.7,0.07,7,17,0.99659,3.26,0.64,9.4,6,7.8
1237,0.75,0.01,2.2,0.059,11,18,0.99242,3.39,0.4,12.8,6,7.1
1238,0.73,0,2.5,0.081,12,24,0.99798,3.38,0.46,9.6,4,8.1
1239,0.67,0,4.3,0.057,11,20,0.99488,3.45,0.56,11.8,4,6.5
1240,0.61,0.2,1.7,0.076,36,60,0.99494,3.1,0.4,9.3,5,7.5
1243,0.56,0.22,2.4,0.082,10,86,0.9983,3.37,0.62,9.5,5,8.3
1245,0.55,0.19,1.8,0.082,15,34,0.99655,3.49,0.68,10.5,5,7.4
1246,0.74,0.07,1.7,0.086,15,48,0.99502,3.12,0.48,10,5,7.4
1250,0.6,0.01,2.3,0.079,24,37,0.99514,3.4,0.61,10.9,6,7.1
1251,0.58,0.14,2.2,0.077,27,60,0.9963,3.28,0.59,9.8,5,7.5
1252,0.72,0,1.8,0.123,6,14,0.99627,3.45,0.58,9.8,5,7.1
1253,0.66,0,1.4,0.096,6,13,0.99569,3.43,0.58,9.5,5,7.9
1254,0.7,0.06,1.9,0.079,20,35,0.99628,3.4,0.69,10.9,5,7.8
1256,0.59,0.22,1.8,0.082,43,60,0.99499,3.1,0.42,9.2,5,7.5
1257,0.58,0.28,4.8,0.085,12,69,0.99633,3.32,0.7,11,6,7
1258,0.64,0,2.7,0.123,15,33,0.99538,3.44,0.63,11.3,6,6.8
1260,0.635,0.68,1.8,0.403,19,56,0.99632,3.02,1.15,9.3,5,8.6
1261,1.02,0,2,0.083,17,24,0.99437,3.59,0.55,11.2,4,6.3
1262,0.45,0.38,2.5,0.081,34,66,0.99726,3.15,0.58,9.8,5,9.8
1264,0.37,0.32,1.8,0.066,26,51,0.99456,3.38,0.72,11.8,6,8.5
1265,0.57,0.05,2.3,0.081,16,36,0.99564,3.38,0.6,10.3,6,7.2
1266,0.57,0.05,2.3,0.081,16,36,0.99564,3.38,0.6,10.3,6,7.2
1267,0.43,0.5,2.3,0.068,13,19,0.996,3.1,0.87,11.4,6,10.4
1268,0.41,0.31,2,0.079,21,51,0.99668,3.47,0.55,9.5,6,6.9
1270,0.38,0.01,1.6,0.048,26,60,0.99084,3.7,0.75,14,6,5
1271,0.44,0.2,1.6,0.049,24,64,0.9935,3.38,0.57,11.7,6,7.3
1272,0.46,0,1.9,0.077,25,44,0.99385,3.5,0.53,11.2,5,5.9
1273,0.58,0.2,2,0.073,34,44,0.99494,3.1,0.43,9.3,5,7.5
1274,0.58,0.13,2.1,0.102,17,36,0.9944,3.24,0.53,11.2,6,7.8
1275,0.715,0.22,2.3,0.075,13,81,0.99688,3.24,0.54,9.5,6,8
1276,0.4,0.4,6.3,0.05,3,10,0.99566,3.28,0.56,12,4,8.5
1277,0.69,0,1.9,0.114,3,10,0.99636,3.35,0.6,9.7,6,7
1278,0.715,0.22,2.3,0.075,13,81,0.99688,3.24,0.54,9.5,6,8
1279,0.3,0.39,1.7,0.062,3,9,0.9948,3.14,0.57,11.5,7,9.8
1280,0.46,0.2,1.9,0.077,28,54,0.9956,3.37,0.64,10.4,6,7.1
1281,0.46,0.2,1.9,0.077,28,54,0.9956,3.37,0.64,10.4,6,7.1
1282,0.765,0,2,0.084,9,22,0.99619,3.33,0.68,10.9,6,7.9
1283,0.63,0.28,2.7,0.096,17,69,0.99734,3.26,0.63,10.2,6,8.7
1284,0.42,0.19,2.3,0.071,18,36,0.99476,3.39,0.56,10.9,5,7
1285,0.37,0.5,1.8,0.09,20,47,0.99734,3.15,0.57,10.5,5,11.3
1288,0.6,0.3,4.5,0.068,20,110,0.99914,3.3,1.17,10.2,5,7
1289,0.6,0.3,4.5,0.068,20,110,0.99914,3.3,1.17,10.2,5,7
1290,0.74,0,1.9,0.1,6,12,0.99521,3.36,0.59,11,5,7.6
1291,0.635,0.1,2.1,0.073,25,60,0.99638,3.29,0.75,10.9,6,8.2
1292,0.395,0.13,2.4,0.056,14,28,0.99362,3.62,0.67,12.4,6,5.9
1296,0.63,0,4.3,0.093,51,77.5,0.99558,3.2,0.45,9.5,5,6.6
1297,0.53,0.14,2.1,0.064,15,29,0.99323,3.35,0.61,12.1,6,7.2
1298,0.6,0,1.4,0.063,11,18,0.99191,3.45,0.56,12.2,6,5.7
1299,1.58,0,2.1,0.137,5,9,0.99476,3.5,0.4,10.9,3,7.6
1300,0.645,0,2.15,0.08,15,28,0.99444,3.78,0.61,12.5,6,5.2
1301,0.86,0.07,2,0.1,20,57,0.99598,3.6,0.74,11.7,6,6.7
1302,0.37,0.32,2.1,0.064,4,15,0.99576,3.3,0.8,11.2,6,9.1
1304,0.79,0.21,2.3,0.087,21,68,0.9955,3.12,0.44,9.2,5,7.6
1305,0.61,0.26,1.9,0.073,24,88,0.99612,3.3,0.53,9.8,5,7.5
1306,0.69,0.32,2.5,0.088,22,91,0.9979,3.29,0.62,10.1,5,9.7
1309,0.62,0.1,1.4,0.071,27,63,0.996,3.28,0.61,9.2,5,7
1311,0.51,0.15,3,0.064,12,27,0.9929,3.33,0.59,12.8,6,6.5
1312,1.18,0.21,1.9,0.083,14,41,0.99532,3.34,0.47,10.5,5,8
1315,0.63,0.27,2,0.083,17,91,0.99616,3.26,0.58,9.8,6,7.5
1316,0.74,0,1.2,0.041,16,46,0.99258,4.01,0.59,12.5,6,5.4
1319,0.76,0.68,1.7,0.414,18,64,0.99652,2.9,1.33,9.1,6,9.1
1321,0.74,0,1.2,0.041,16,46,0.99258,4.01,0.59,12.5,6,5
1322,0.34,0.42,1.8,0.058,9,18,0.99392,3.18,0.55,11.4,5,9.1
1324,0.46,0.24,1.7,0.077,18,34,0.9948,3.39,0.6,10.6,6,6.7
1325,0.46,0.24,1.7,0.077,18,34,0.9948,3.39,0.6,10.6,6,6.7
1326,0.46,0.24,1.7,0.077,18,34,0.9948,3.39,0.6,10.6,6,6.7
1327,0.46,0.24,1.7,0.077,18,34,0.9948,3.39,0.6,10.6,6,6.7
1328,0.52,0.11,1.8,0.073,13,38,0.9955,3.34,0.52,9.3,5,6.5
1329,0.6,0.26,2.1,0.083,17,91,0.99616,3.29,0.56,9.8,6,7.4
1330,0.6,0.26,2.1,0.083,17,91,0.99616,3.29,0.56,9.8,6,7.4
1331,0.87,0.26,3.8,0.107,31,67,0.99668,3.26,0.46,9.2,5,7.8
1332,0.39,0.1,1.7,0.075,6,25,0.99581,3.09,0.43,9.7,6,8.4
1333,0.775,0.22,2.2,0.079,12,48,0.9976,3.18,0.51,9.6,5,9.1
1334,0.835,0,2,0.166,4,11,0.99608,3.39,0.52,10,5,7.2
1335,0.58,0.02,2.4,0.069,19,40,0.99387,3.38,0.66,12.6,6,6.6
1336,0.5,0,1.4,0.057,15,26,0.99448,3.36,0.45,9.5,5,6
1337,0.5,0,1.4,0.057,15,26,0.99448,3.36,0.45,9.5,5,6
1338,0.5,0,1.4,0.057,15,26,0.99448,3.36,0.45,9.5,5,6
1339,0.51,0.02,1.7,0.084,13,31,0.99538,3.36,0.54,10.5,6,7.5
1340,0.51,0.02,1.7,0.084,13,31,0.99538,3.36,0.54,10.5,6,7.5
1341,0.51,0.02,1.7,0.084,13,31,0.99538,3.36,0.54,10.5,6,7.5
1343,0.51,0.02,1.7,0.084,13,31,0.99538,3.36,0.54,10.5,6,7.5
1344,0.42,0.48,2.6,0.077,8,20,0.99852,3.09,0.53,11,5,11.5
1345,0.44,0.24,2.3,0.063,10,28,0.99613,3.25,0.53,10.2,6,8.2
1346,0.59,0.01,2.1,0.056,5,13,0.99472,3.52,0.56,11.4,5,6.1
1347,0.655,0.03,1.8,0.078,7,12,0.99587,3.34,0.39,9.5,5,7.2
1351,0.62,0.01,2.3,0.065,8,46,0.99332,3.32,0.51,11.8,6,7.2
1353,0.645,0.03,1.9,0.086,14,57,0.9969,3.37,0.46,10.3,5,7.6
1355,0.32,0.25,1.8,0.086,5,32,0.99464,3.36,0.44,10.1,5,6.1
1356,0.34,0.25,1.8,0.084,4,28,0.99464,3.36,0.44,10.1,5,6.1
1357,0.43,0.24,2.5,0.078,27,67,0.99648,3.6,0.59,11.1,6,7.3
1358,0.64,0.17,5.4,0.168,52,98,0.99736,3.28,0.5,9.5,5,7.4
1359,0.475,0.4,1.4,0.091,6,28,0.99704,3.07,0.65,10.03333333,6,11.6
1361,0.85,0.14,2.5,0.093,13,54,0.99724,3.36,0.54,10.1,5,8.3
1362,0.475,0.4,1.4,0.091,6,28,0.99704,3.07,0.65,10.03333333,6,11.6
1364,0.605,0.02,1.9,0.096,10,31,0.995,3.46,0.53,11.8,6,7.2
1366,0.74,0.08,1.7,0.094,10,45,0.99576,3.24,0.5,9.8,5,7.3
1367,0.54,0.3,2.2,0.088,9,105,0.99725,3.25,1.18,10.5,6,6.9
1368,0.77,0.32,2.1,0.079,16,74,0.99656,3.27,0.5,9.8,6,8
1370,0.78,0.51,1.7,0.415,12,66,0.99623,3,1.17,9.2,5,8.7
1371,0.58,0.56,3.1,0.153,5,14,0.99476,3.21,1.03,11.6,6,7.5
1372,0.78,0.51,1.7,0.415,12,66,0.99623,3,1.17,9.2,5,8.7
1376,0.885,0.2,1.4,0.086,7,31,0.9946,3.11,0.46,10,5,8.2
1378,0.45,0.15,2,0.078,10,28,0.99609,3.29,0.51,9.9,6,7.2
1379,0.57,0.02,2.6,0.077,11,35,0.99557,3.36,0.62,10.8,6,7.5
1380,0.57,0.02,2.6,0.077,11,35,0.99557,3.36,0.62,10.8,6,7.5
1382,0.6,0.22,2.1,0.08,25,105,0.99613,3.3,0.49,9.9,5,8
1383,0.6,0.22,2.1,0.08,25,105,0.99613,3.3,0.49,9.9,5,8
1384,0.755,0.15,1.8,0.107,20,84,0.99593,3.19,0.5,9.5,5,7.1
1385,0.81,0.25,3.4,0.076,34,85,0.99668,3.19,0.42,9.2,5,8
1386,0.64,0.07,1.8,0.1,8,23,0.9961,3.3,0.58,9.6,5,7.4
1388,0.64,0.31,6.1,0.083,7,49,0.99718,3.35,0.68,10.3,5,6.6
1390,0.49,0,2.3,0.068,15,33,0.99292,3.58,0.59,12.5,6,6
1391,0.64,0.22,2.4,0.094,5,33,0.99612,3.37,0.58,11,5,8
1392,0.62,0.06,1.3,0.07,5,12,0.9942,3.17,0.48,9.8,5,7.1
1393,0.52,0.25,2,0.078,19,59,0.99612,3.3,0.48,10.2,5,8
1395,0.685,0.1,1.6,0.092,3,12,0.99745,3.31,0.65,9.55,6,8.6
1396,0.675,0.1,1.6,0.09,4,11,0.99745,3.31,0.65,9.55,5,8.7
1397,0.59,0.26,2,0.08,17,104,0.99584,3.28,0.52,9.9,5,7.3
1399,0.67,0,2.2,0.068,10,24,0.9956,3.42,0.72,11.1,6,7.2
1400,0.69,0.21,2.1,0.08,33,141,0.9962,3.25,0.51,9.9,5,7.9
1402,0.3,0.42,2,0.052,6,24,0.9963,3.44,0.82,11.9,6,7.6
1403,0.33,0.33,1.7,0.061,3,13,0.996,3.23,1.1,10,8,7.2
1404,0.5,0.39,2.6,0.082,12,46,0.9985,3.43,0.62,10.7,6,8
1406,0.24,0.34,5.1,0.062,8,22,0.9974,3.22,0.94,10.9,6,8.2
1407,0.51,0,2.1,0.064,40,54,0.995,3.54,0.93,10.7,6,6
1408,0.29,0.36,2.2,0.048,35,53,0.995,3.27,1.01,12.4,7,8.1
1409,0.51,0,2.1,0.064,40,54,0.995,3.54,0.93,10.7,6,6
1410,0.96,0,1.8,0.082,5,16,0.9936,3.5,0.44,11.9,6,6.6
1411,0.47,0.4,2.4,0.071,8,19,0.9963,3.56,0.73,10.6,6,6.4
1412,0.24,0.34,5.1,0.062,8,22,0.9974,3.22,0.94,10.9,6,8.2
1413,0.57,0.25,2,0.104,12,89,0.9963,3.04,0.9,10.1,5,9.9
1414,0.32,0.59,2.2,0.077,3,15,0.9994,3.2,0.78,9.6,5,10
1415,0.58,0,1.6,0.065,8,18,0.9966,3.56,0.84,9.4,5,6.2
1416,0.32,0.59,2.2,0.077,3,15,0.9994,3.2,0.78,9.6,5,10
1417,0.34,0.33,2.5,0.064,21,37,0.9952,3.35,0.77,12.1,7,7.3
1418,0.53,0.01,1.6,0.077,3,19,0.995,3.16,0.46,9.8,5,7.8
1419,0.64,0.21,2.2,0.077,32,133,0.9956,3.27,0.45,9.9,5,7.7
1420,0.53,0.01,1.6,0.077,3,19,0.995,3.16,0.46,9.8,5,7.8
1421,0.4,0.18,1.6,0.079,24,58,0.9965,3.34,0.58,9.4,5,7.5
1422,0.54,0,2.1,0.079,39,55,0.9956,3.39,0.84,11.4,6,7
1423,0.53,0.09,3.9,0.123,14,31,0.9968,3.5,0.67,11,4,6.4
1427,0.41,0.33,2.5,0.078,6,23,0.9957,3.3,0.58,11.2,5,7.6
1428,0.64,0,1.9,0.072,27,55,0.9962,3.31,0.63,11,5,7.8
1429,0.18,0.4,2.2,0.049,38,67,0.996,3.33,0.93,11.3,5,7.9
1430,0.41,0.24,1.8,0.066,18,47,0.9956,3.37,0.62,10.4,5,7.4
1431,0.43,0.31,2.1,0.069,13,74,0.9958,3.26,0.54,9.9,6,7.6
1433,0.4,0.16,1.8,0.069,11,25,0.9955,3.42,0.74,10.1,7,6.1
1434,0.54,0.37,15.4,0.214,55,95,1.00369,3.18,0.77,9,6,10.2
1436,0.38,0.38,1.6,0.169,27,90,0.99914,3.15,0.65,8.5,5,10
1437,0.915,0.29,4.8,0.07,15,39,0.99577,3.53,0.54,11.1,5,6.8
1438,0.59,0,1.7,0.052,3,8,0.996,3.41,0.47,10.3,5,7
1439,0.67,0.02,2.2,0.072,31,92,0.99566,3.32,0.68,11.06666667,6,7.3
1443,0.58,0.2,1.75,0.058,8,22,0.99322,3.38,0.49,11.7,5,6.9
1445,0.785,0.19,5.2,0.094,19,98,0.99713,3.16,0.52,9.6,6,7.4
1447,0.67,0,1.9,0.08,22,39,0.99701,3.4,0.74,9.7,5,6.8
1449,0.38,0.31,2,0.056,15,29,0.99472,3.23,0.76,11.3,8,7.2
1450,0.37,0.32,2,0.062,15,28,0.9947,3.23,0.73,11.3,7,7.2
1451,0.32,0.44,2.7,0.104,8,17,0.99732,3.33,0.78,11,7,7.8
1452,0.58,0.02,2,0.062,37,53,0.99374,3.35,0.76,11.6,7,6.6
1454,0.45,0.63,2.2,0.073,7,23,0.99974,3.21,0.69,10.9,6,11.7
1455,0.9,0,1.6,0.052,9,17,0.99467,3.5,0.63,10.9,6,6.5
1457,0.49,0.33,1.9,0.074,27,85,0.99706,3.41,0.58,9,5,7.6
1458,0.29,0.4,1.7,0.067,8,20,0.99603,3.39,0.6,10.5,5,8.4
1459,0.2,0.35,1.7,0.054,7,15,0.99458,3.32,0.8,11.9,7,7.9
1460,0.42,0.09,2.3,0.054,34,64,0.99724,3.41,0.68,10.4,6,6.4
1461,0.785,0,2.1,0.06,6,13,0.99664,3.59,0.61,10,4,6.2
1463,0.63,0.01,2.4,0.076,14,39,0.99522,3.34,0.53,10.8,6,6.9
1464,0.59,0.1,1.7,0.063,34,53,0.9958,3.41,0.67,9.7,5,6.8
1466,0.48,0.32,2.1,0.062,31,54,0.99728,3.3,0.65,10,7,7.3
1467,1.04,0.08,2.3,0.067,19,32,0.99648,3.52,0.57,11,4,6.7
1468,0.48,0.32,2.1,0.062,31,54,0.99728,3.3,0.65,10,7,7.3
1469,0.98,0.05,2.1,0.061,20,49,0.99705,3.31,0.55,9.7,3,7.3
1470,0.69,0.11,1.4,0.084,8,24,0.99578,2.88,0.47,9.7,5,10
1471,0.7,0.08,3.75,0.067,8,16,0.99334,3.43,0.52,12.6,5,6.7
1472,0.35,0.6,2.6,0.073,23,44,0.99656,3.38,0.79,11.1,6,7.6
1473,0.6,0.08,1.8,0.071,14,45,0.99336,3.38,0.54,11,5,6.1
1474,0.5,0.5,13.8,0.205,48,82,1.00242,3.16,0.75,8.8,5,9.9
1475,0.47,0.11,2.2,0.048,16,89,0.99182,3.54,0.88,13.56666667,7,5.3
1476,0.5,0.5,13.8,0.205,48,82,1.00242,3.16,0.75,8.8,5,9.9
1477,0.47,0.11,2.2,0.048,16,89,0.99182,3.54,0.88,13.6,7,5.3
1478,0.875,0.05,5.7,0.082,3,14,0.99808,3.4,0.52,10.2,3,7.1
1479,0.28,0.6,3,0.104,10,22,0.99828,3.39,0.68,10.6,5,8.2
1480,0.62,0.03,1.5,0.08,6,13,0.99498,3.66,0.62,10.1,4,5.6
1481,0.28,0.6,3,0.104,10,22,0.99828,3.39,0.68,10.6,5,8.2
1483,0.33,0.44,1.5,0.042,6,12,0.99542,3.35,0.61,10.7,5,8.1
1485,0.655,0.16,2.1,0.074,8,25,0.99606,3.37,0.55,9.7,5,7
1486,0.68,0.21,2.1,0.07,9,23,0.99546,3.38,0.6,10.3,5,6.8
1487,0.64,0.05,1.9,0.066,9,17,0.99496,3.52,0.78,10.6,5,6
1488,0.54,0.04,1.7,0.049,5,13,0.9942,3.72,0.58,11.4,5,5.6
1490,0.22,0.49,1.8,0.039,8,18,0.99344,3.39,0.56,12.4,6,7.1
1492,0.65,0.06,1.6,0.05,6,18,0.99348,3.57,0.54,11.95,5,6.2
1493,0.54,0.26,1.9,0.089,23,147,0.99636,3.26,0.59,9.7,5,7.7
1494,0.31,0.09,1.4,0.066,15,28,0.99459,3.42,0.7,10,7,6.4
1495,0.43,0.02,1.9,0.08,15,28,0.99492,3.35,0.81,10.6,6,7
1497,0.74,0.03,2.3,0.054,7,16,0.99508,3.45,0.63,11.5,6,6.9
1499,0.74,0.03,2.3,0.054,7,16,0.99508,3.45,0.63,11.5,6,6.9
1501,0.82,0.29,4.3,0.083,21,64,0.99642,3.16,0.53,9.4,5,7.8
1503,0.44,0.39,2.5,0.077,6,14,0.99555,3.51,0.69,11,6,6.2
1504,0.38,0.57,2.3,0.106,5,12,0.99605,3.36,0.55,11.4,6,7.5
1505,0.76,0.02,1.8,0.078,6,12,0.996,3.55,0.63,9.95,3,6.7
1506,0.81,0.05,2,0.07,6,14,0.99562,3.51,0.66,10.8,6,6.8
1507,0.38,0.57,2.3,0.106,5,12,0.99605,3.36,0.55,11.4,6,7.5
1508,0.27,0.6,2.1,0.074,17,25,0.99814,3.38,0.72,10.6,6,7.1
1509,0.18,0.4,1.8,0.062,7,20,0.9941,3.28,0.7,11.1,5,7.9
1510,0.36,0.21,2.2,0.047,26,48,0.99661,3.47,0.77,9.7,6,6.4
1511,0.69,0.04,2.1,0.068,19,27,0.99712,3.44,0.67,9.8,5,7.1
1514,0.84,0.21,4.1,0.074,16,65,0.99842,3.53,0.72,9.233333333,6,6.9
1515,0.84,0.21,4.1,0.074,16,65,0.99842,3.53,0.72,9.25,6,6.9
1517,0.53,0.06,2,0.063,29,44,0.99489,3.38,0.83,10.3,6,6.5
1518,0.47,0.46,2.2,0.114,7,20,0.99647,3.32,0.63,10.5,5,7.4
1519,0.7,0.08,2.6,0.106,14,27,0.99665,3.44,0.58,10.2,5,6.6
1522,0.32,0.25,2.3,0.071,23,58,0.99633,3.42,0.97,10.6,5,6.1
1523,0.48,0.25,2,0.076,29,61,0.9953,3.34,0.6,10.4,5,6.8
1525,0.48,0.08,2.1,0.064,18,34,0.99552,3.33,0.64,9.7,5,6.7
1526,0.47,0.08,2.2,0.064,18,38,0.99553,3.3,0.65,9.6,6,6.8
1528,0.29,0.49,2.2,0.096,21,59,0.99714,3.31,0.67,10.1,6,7.9
1529,0.69,0.08,2.1,0.063,42,52,0.99608,3.42,0.6,10.2,6,7.1
1530,0.44,0.09,2.2,0.063,9,18,0.99444,3.42,0.69,11.3,6,6.6
1531,0.705,0.1,2.8,0.081,13,28,0.99631,3.6,0.66,10.2,5,6.1
1532,0.53,0.13,2,0.058,18,22,0.99573,3.21,0.68,9.9,6,7.2
1533,0.39,0.3,1.9,0.074,32,84,0.99717,3.39,0.61,9,5,8
1534,0.56,0.14,2.4,0.064,13,29,0.99397,3.42,0.62,11.7,7,6.6
1535,0.55,0.13,2.2,0.075,15,35,0.9959,3.36,0.59,9.7,6,7
1538,0.64,0.09,2.5,0.081,15,26,0.99538,3.57,0.63,12,5,6.2
1540,0.52,0.08,4.4,0.071,11,32,0.99646,3.56,0.63,11.6,6,6.2
1544,0.37,0.43,2.3,0.063,12,19,0.9955,3.17,0.81,11.2,7,8.4
1545,0.63,0.33,1.8,0.059,16,28,0.99531,3.36,0.64,10.1,6,6.5
1546,0.57,0.02,2,0.072,17,26,0.99575,3.36,0.61,10.2,5,7
1548,0.4,0.5,2,0.099,19,50,0.99783,3.1,0.58,10.4,5,11.2
1549,0.36,0.3,1.8,0.074,17,24,0.99419,3.24,0.7,11.4,8,7.4
1551,0.67,0,2.3,0.083,18,27,0.99768,3.44,0.54,9.4,5,7.1
1552,0.68,0.01,3.7,0.103,32,54,0.99586,3.51,0.66,11.3,6,6.3
1553,0.735,0,2.2,0.08,18,28,0.99765,3.41,0.6,9.4,5,7.3
1555,0.56,0.17,1.7,0.065,15,24,0.99514,3.44,0.68,10.55,7,7
1556,0.88,0.04,2.2,0.066,12,20,0.99636,3.53,0.56,9.9,5,6.6
1557,0.855,0.02,2.4,0.062,15,23,0.99627,3.54,0.6,11,6,6.6
1558,0.63,0.33,6.7,0.235,66,115,0.99787,3.22,0.56,9.5,5,6.9
1559,0.6,0.26,2,0.08,31,131,0.99622,3.21,0.52,9.9,5,7.8
1560,0.6,0.26,2,0.08,31,131,0.99622,3.21,0.52,9.9,5,7.8
1561,0.6,0.26,2,0.08,31,131,0.99622,3.21,0.52,9.9,5,7.8
1562,0.695,0.13,2,0.076,12,20,0.99546,3.29,0.54,10.1,5,7.2
1563,0.695,0.13,2,0.076,12,20,0.99546,3.29,0.54,10.1,5,7.2
1565,0.67,0.02,1.9,0.061,26,42,0.99489,3.39,0.82,10.9,6,6.7
1566,0.16,0.64,2.1,0.059,24,52,0.99494,3.34,0.71,11.2,6,6.7
1567,0.695,0.13,2,0.076,12,20,0.99546,3.29,0.54,10.1,5,7.2
1568,0.56,0.13,1.6,0.077,25,42,0.99629,3.34,0.59,9.2,5,7
1569,0.51,0.14,1.9,0.056,15,34,0.99396,3.48,0.57,11.5,6,6.2
1570,0.36,0.53,2.2,0.23,19,35,0.9934,3.37,0.93,12.4,6,6.4
1571,0.38,0.14,2.2,0.038,15,25,0.99514,3.44,0.65,11.1,6,6.4
1572,0.69,0.32,2.2,0.069,35,104,0.99632,3.33,0.51,9.5,5,7.3
1573,0.58,0.2,2.4,0.075,15,50,0.99467,3.58,0.67,12.5,6,6
1575,0.52,0.4,2.2,0.06,12,20,0.99474,3.26,0.64,11.8,6,7.5
1576,0.3,0.63,1.6,0.081,16,29,0.99588,3.3,0.78,10.8,6,8
1577,0.7,0.15,5.1,0.076,13,27,0.99622,3.54,0.6,11.9,6,6.2
1578,0.67,0.15,1.8,0.118,13,20,0.9954,3.42,0.67,11.3,6,6.8
1580,0.35,0.33,2.4,0.068,9,26,0.9947,3.36,0.6,11.9,6,7.4
1582,0.715,0.1,2.6,0.053,13,27,0.99362,3.57,0.5,11.9,5,6.1
1583,0.46,0.29,2.1,0.074,32,98,0.99578,3.33,0.62,9.8,5,6.2
1584,0.32,0.44,2.4,0.061,24,34,0.99484,3.29,0.8,11.6,7,6.7
1586,0.31,0.41,2.4,0.065,34,60,0.99492,3.34,0.85,11.4,6,7.5
1587,0.61,0.11,1.8,0.066,18,28,0.99483,3.55,0.66,10.9,6,5.8
1590,0.55,0.15,1.8,0.077,26,35,0.99314,3.32,0.82,11.6,6,6.3
1591,0.74,0.09,1.7,0.089,16,26,0.99402,3.67,0.56,11.6,6,5.4
1592,0.51,0.13,2.3,0.076,29,40,0.99574,3.42,0.75,11,6,6.3
1593,0.62,0.08,1.9,0.068,28,38,0.99651,3.42,0.82,9.5,6,6.8
1594,0.6,0.08,2,0.09,32,44,0.9949,3.45,0.58,10.5,5,6.2
1595,0.55,0.1,2.2,0.062,39,51,0.99512,3.52,0.76,11.2,6,5.9
1597,0.645,0.12,2,0.075,32,44,0.99547,3.57,0.71,10.2,5,5.9
